CASE_ID,ACCIDENT_YEAR,PROC_DATE,JURIS,COLLISION_DATE,COLLISION_TIME,OFFICER_ID,REPORTING_DISTRICT,DAY_OF_WEEK,CHP_SHIFT,POPULATION,CNTY_CITY_LOC,SPECIAL_COND,BEAT_TYPE,CHP_BEAT_TYPE,CITY_DIVISION_LAPD,CHP_BEAT_CLASS,BEAT_NUMBER,PRIMARY_RD,SECONDARY_RD,DISTANCE,DIRECTION,INTERSECTION,WEATHER_1,WEATHER_2,STATE_HWY_IND,CALTRANS_COUNTY,CALTRANS_DISTRICT,STATE_ROUTE,ROUTE_SUFFIX,POSTMILE_PREFIX,POSTMILE,LOCATION_TYPE,RAMP_INTERSECTION,SIDE_OF_HWY,TOW_AWAY,COLLISION_SEVERITY,NUMBER_KILLED,NUMBER_INJURED,PARTY_COUNT,PRIMARY_COLL_FACTOR,PCF_CODE_OF_VIOL,PCF_VIOL_CATEGORY,PCF_VIOLATION,PCF_VIOL_SUBSECTION,HIT_AND_RUN,TYPE_OF_COLLISION,MVIW,PED_ACTION,ROAD_SURFACE,ROAD_COND_1,ROAD_COND_2,LIGHTING,CONTROL_DEVICE,CHP_ROAD_TYPE,PEDESTRIAN_ACCIDENT,BICYCLE_ACCIDENT,MOTORCYCLE_ACCIDENT,TRUCK_ACCIDENT,NOT_PRIVATE_PROPERTY,ALCOHOL_INVOLVED,STWD_VEHTYPE_AT_FAULT,CHP_VEHTYPE_AT_FAULT,COUNT_SEVERE_INJ,COUNT_VISIBLE_INJ,COUNT_COMPLAINT_PAIN,COUNT_PED_KILLED,COUNT_PED_INJURED,COUNT_BICYCLIST_KILLED,COUNT_BICYCLIST_INJURED,COUNT_MC_KILLED,COUNT_MC_INJURED,PRIMARY_RAMP,SECONDARY_RAMP,LATITUDE,LONGITUDE,COUNTY,CITY,POINT_X,POINT_Y
90389791,2017,2017-02-09,9455,2017-02-02,1225,015656,,4,1,9,2200,0,1,3,,1,005,SR-49S,"ASHWORTH RD",2112.00,S,N,C,-,Y,,,49,,,,,,,Y,3,0,1,1,C,-,18,,,N,H,A,A,B,H,-,A,D,0,,,,,Y,,-,"- ",0,1,0,0,0,0,0,0,0,"- ","- ",37.456569999999999,-119.90815000000001,MARIPOSA,UNINCORPORATED,-119.90814663,37.456610750000003
90844002,2018,2018-10-24,9425,2018-10-24,0725,016886,,3,1,9,2200,0,3,5,,1,005,"FISKE ROAD","SHY FOX LANE",1584.00,N,N,A,-,N,,,,,,,,,,Y,3,0,1,1,C,-,18,,,N,H,H,A,A,H,-,A,D,0,,,,,Y,,-,"- ",0,1,0,0,0,0,0,0,0,"- ","- ",37.752220153808594,-120.13778686523438,MARIPOSA,UNINCORPORATED,-120.13813781738281,37.752689361572266
91175787,2020,2020-01-29,9455,2020-01-21,2225,017124,,2,3,9,2200,0,3,5,,2,010,"TRIANGLE RD","MEADOW LN",528.00,E,N,B,-,N,,,,,,,,,,Y,3,0,1,1,A,-,01,23152,A,N,E,I,A,A,H,-,D,D,0,,,,,Y,Y,D,22,0,1,0,0,0,0,0,0,0,"- ","- ",37.011341094970703,-119.84700012207031,MARIPOSA,UNINCORPORATED,-119.82228088378906,37.506881713867188
91612372,2021,2021-11-01,9455,2021-10-28,1855,019237,,4,2,9,2200,0,3,5,,2,010,"DARRAH ROAD","COLE ROAD",2640.00,N,N,A,-,N,,,,,,,,,,Y,3,0,1,2,A,-,12,21453,A,N,A,C,A,A,D,E,D,A,0,,,,,Y,,A,07,0,1,0,0,0,0,0,0,0,"- ","- ",37.470188140869141,-119.88037872314453,MARIPOSA,UNINCORPORATED,-119.88035583496094,37.470226287841797
90947265,2019,2019-05-06,9425,2019-03-10,1940,017403,,7,2,9,2200,0,1,3,,1,053,SR-49,"MARY HARRISON MINE RD",1056.00,N,N,B,-,Y,,,49,,,,,,,N,4,0,1,1,C,-,18,,,N,E,H,A,A,H,-,D,D,0,,,,,Y,,-,"- ",0,0,1,0,0,0,0,0,0,"- ","- ",37.69580078125,-120.18312072753906,MARIPOSA,UNINCORPORATED,-120.18310546875,37.69580078125
91439557,2021,2021-03-30,9455,2021-03-25,1015,019237,,4,1,9,2200,0,1,3,,1,004,"SR-49 NORTH","DRUNKEN GULCH RD",213.00,N,N,A,-,Y,,,49,,,,,,,Y,3,0,1,1,A,-,08,22107,,N,E,I,A,A,H,-,A,D,0,,,,,Y,,A,01,0,1,0,0,0,0,0,0,0,"- ","- ",37.585548400878906,-120.12232208251953,MARIPOSA,UNINCORPORATED,-120.12235260009766,37.585521697998047
92241704,2023,2023-11-21,9455,2023-11-11,2300,021511,,6,3,9,2200,0,1,3,,1,005,SR-49,"CHOWCHILLA MOUNTAIN ROAD",1584.00,N,N,A,-,Y,MPA,,49," "," ",5.478,H,,R,Y,2,0,1,1,A,-,01,23152,A,N,E,8,A,A,H,-,D,D,0,,,,,Y,Y,D,22,1,0,0,0,0,0,0,0,0,"- ","- ",37.464088439941406,-119.78312683105469,MARIPOSA,UNINCORPORATED,-119.78313446044922,37.464012145996094
90198334,2016,2016-06-09,9425,2016-06-06,1205,017461,,1,1,9,2200,0,1,3,,1,053,SR-49,"SCHILLING RD",10560.00,N,N,A,-,Y,,,49,,,,,,,Y,2,0,2,1,A,-,03,22350,,N,F,A,A,A,H,-,A,D,0,,,Y,,Y,,C,02,1,1,0,0,0,0,0,0,2,"- ","- ",37.710299999999997,-120.1974,MARIPOSA,UNINCORPORATED,-120.19707686,37.710529540000003
90795531,2018,2018-08-22,9455,2018-08-16,1505,018215,,4,2,9,2200,0,1,3,,1,001,SR-140,"MARTIN RD",528.00,E,N,A,-,Y,,,,,,,,,,Y,3,0,1,1,A,-,08,22107,,N,E,I,A,A,H,-,A,D,0,,,,,Y,,A,01,0,1,0,0,0,0,0,0,0,"- ","- ",37.283340454101562,-119.58260345458984,MARIPOSA,UNINCORPORATED,-119.97501373291016,37.477344512939453
90978981,2019,2019-04-30,9455,2019-04-26,0200,019237,,5,3,9,2200,0,1,3,,1,001,"STATE HIGHWAY 140","AQUA FRIA RD",800.00,W,N,A,-,Y,,,140,,,,,,,Y,2,0,1,1,A,-,08,22107,,N,E,I,A,A,H,-,D,D,0,,,,,Y,,D,22,1,0,0,0,0,0,0,0,0,"- ","- ",37.481769561767578,-120.02442932128906,MARIPOSA,UNINCORPORATED,-120.0244140625,37.481739044189453
90988072,2019,2019-05-14,9455,2019-05-03,1625,020377,,5,2,9,2200,0,1,3,,1,002,"STATE HIGHWAY 140","11TH ST",15.00,W,N,A,-,Y,,,140,,,,,,,Y,4,0,1,3,A,-,03,22350,,N,C,C,A,A,H,-,A,A,0,,,,,Y,,A,01,0,0,1,0,0,0,0,0,0,"- ","- ",37.488948822021484,-119.96961212158203,MARIPOSA,UNINCORPORATED,-119.96963500976562,37.488925933837891
91014083,2019,2019-06-20,9455,2019-06-11,0500,021228,,2,3,9,2200,0,1,3,,1,001,SR-140,"HORNITOS RD",1056.00,E,N,B,-,Y,,,140,,,,,,,Y,3,0,1,1,A,-,08,22107,,N,E,I,A,A,H,-,D,D,0,,,,Y,Y,,F,25,0,1,0,0,0,0,0,0,0,"- ","- ",37.434360504150391,-120.09461212158203,MARIPOSA,UNINCORPORATED,-120.09463500976562,37.434413909912109
91778324,2022,2022-05-23,9455,2022-05-13,1901,020123,,5,2,9,2200,0,1,3,,1,002,"SR-140 WESTBOUND","SR-49 NORTH",20.00,N,N,A,-,N,,,,,,,,,,N,3,0,1,2,A,-,03,22350,,N,C,C,A,A,H,-,A,A,0,,,,,Y,,-,"- ",0,1,0,0,0,0,0,0,0,"- ","- ",37.493141174316406,-119.97277069091797,MARIPOSA,UNINCORPORATED,-119.97275543212891,37.493148803710938
92082639,2023,2023-05-31,9455,2023-05-13,2230,020156,,6,3,9,2200,0,1,3,,1,005,SR-49,"KEMBLE ROAD",160.00,N,N,A,-,Y,MPA,,49," "," ",3.444,H,,R,N,2,0,1,1,A,-,08,22107,,N,E,I,A,A,H,-,D,D,0,,,,,Y,,A,01,1,0,0,0,0,0,0,0,0,"- ","- ",37.447978973388672,-119.75518035888672,MARIPOSA,UNINCORPORATED,-119.75516510009766,37.448051452636719
6924337,2015,2016-11-15,9455,2015-05-21,1710,16876,,4,2,9,2200,0,1,3,,1,001,"RT 140","MOUNT BULLION CUTOFF RD",3168.00,W,N,B,-,Y,MPA,10,140,-,-,13.370,H,-,W,Y,4,0,1,1,A,-,08,22107,,N,E,I,A,A,H,-,A,D,0,,,,,Y,,D,22,0,0,1,0,0,0,0,0,0,"- ","- ",,,MARIPOSA,UNINCORPORATED,-120.07535393000001,37.475252580000003
90383385,2017,2017-03-15,9455,2017-01-24,0815,015656,,2,1,9,2200,0,1,3,,1,001,SR-140,"PASO DEL ORO RD.",215.00,W,N,A,-,Y,,,140,,,,,,,Y,4,0,2,1,A,-,03,22350,,N,E,I,A,C,B,-,A,D,0,,,,,Y,,A,01,0,0,2,0,0,0,0,0,0,"- ","- ",37.486420000000003,-119.99718,MARIPOSA,UNINCORPORATED,-119.99718310999999,37.486394709999999
90699624,2018,2018-04-05,9455,2018-03-31,1215,018088,,6,1,9,2200,0,3,5,,2,010,"BEAR VALLEY RD","MOUNT GAINES RD",700.00,E,N,A,B,N,,,,,,,,,,Y,2,0,1,1,A,-,03,22350,,N,F,A,A,A,H,-,A,D,0,,,Y,,Y,,C,02,1,0,0,0,0,0,0,0,1,"- ","- ",37.547309875488281,-120.18502807617188,MARIPOSA,UNINCORPORATED,-120.18502807617188,37.547309875488281
91200084,2020,2020-03-02,9425,2020-02-23,1250,017403,,7,1,9,2200,0,1,3,,1,053,SR-49,"PENON BLANCO RD",0.00,,Y,A,-,Y,,,49,,,,,,,Y,2,0,1,2,A,-,03,22350,,N,C,C,A,A,H,-,A,D,0,,,Y,,Y,,C,02,1,0,0,0,0,0,0,0,1,"- ","- ",37.736320495605469,-120.23037719726562,MARIPOSA,UNINCORPORATED,-120.23040008544922,37.736286163330078
91318650,2020,2020-10-06,9455,2020-10-04,1615,019500,,7,2,9,2200,0,1,3,,1,001,SR-140,"GROSJEAN RD",1584.00,E,N,A,-,Y,,,140,,,,,,,Y,4,0,1,1,A,-,08,22107,,N,E,I,A,A,H,-,A,D,0,,,,,Y,,A,01,0,0,1,0,0,0,0,0,0,"- ","- ",37.515510559082031,-119.95816802978516,MARIPOSA,UNINCORPORATED,-119.95821380615234,37.515529632568359
92054943,2023,2023-04-27,9425,2023-04-18,1755,019773,,2,2,9,2200,0,1,3,,1,051,SR-120,"HAMILTON STATION LOOP",665.00,E,N,A,-,Y,MPA,,120," "," ",43.099,H,,R,N,4,0,1,1,C,-,18,,,N,H,H,A,D,H,-,A,D,0,,,,,Y,,-,"- ",0,0,1,0,0,0,0,0,0,"- ","- ",37.813869476318359,-120.06584930419922,MARIPOSA,UNINCORPORATED,-120.06584930419922,37.813846588134766
92132253,2023,2023-07-31,9455,2023-06-06,1945,020377,,2,2,9,2200,0,3,5,,2,010,"DARRAH ROAD","DEER SPRINGS RD",528.00,N,N,A,-,N,,,,,,,,,,Y,1,1,1,1,A,-,01,23152,A,N,E,I,A,A,H,-,A,D,0,,,,,Y,Y,D,22,1,0,0,0,0,0,0,0,0,"- ","- ",37.497970581054688,-119.85334014892578,MARIPOSA,UNINCORPORATED,-119.85479736328125,37.495872497558594
6848169,2015,2015-03-25,9455,2015-02-21,1145,16876,,6,1,9,2200,0,3,5,,2,009,"HORNITOS RD","ADAMS RANCH RD",200.00,S,N,B,-,N,,,,,,,,,,N,3,0,1,2,A,-,00,21760,D,F,B,G,A,A,H,-,A,D,0,,Y,,,Y,,D,22,0,1,0,0,0,0,1,0,0,"- ","- ",,,MARIPOSA,UNINCORPORATED,-120.24066920999999,37.49600409
90774738,2018,2018-07-23,9455,2018-07-22,1045,021143,,7,1,9,2200,0,3,5,,2,009,"HORNITOS RD","LA PALOMA RD",6336.00,E,N,A,-,N,,,,,,,,,,N,4,0,1,1,A,-,08,22107,,N,E,I,A,A,H,-,A,D,0,,,,,Y,,A,01,0,0,1,0,0,0,0,0,0,"- ","- ",37.488338470458984,-120.30078887939453,MARIPOSA,UNINCORPORATED,-120.25730133056641,37.492610931396484
91828997,2022,2022-07-29,9455,2022-07-22,1850,018970,,5,2,9,2200,0,1,3,,1,005,SR-49,"HIRSCH ROAD",0.00,,Y,A,-,Y,MPA,,49,,,9.737,H,,R,Y,4,0,1,2,A,-,09,21802,A,N,D,C,A,A,H,-,A,A,0,,,,,Y,,D,22,0,0,1,0,0,0,0,0,0,"- ","- ",37.449470520019531,-119.85273742675781,MARIPOSA,UNINCORPORATED,-119.85273742675781,37.449470520019531
6813334,2015,2016-09-14,9455,2015-01-31,1345,019417,,6,1,9,2200,0,1,3,,1,004,"RT 49","BEAR VALLEY RD",7920.00,N,N,A,-,Y,MPA,10,49,-,-,30.880,H,-,N,N,4,0,1,1,A,-,03,22350,,N,F,A,A,B,H,-,A,D,0,,,Y,,Y,,C,02,0,0,1,0,0,0,0,0,1,"- ","- ",37.588810000000002,-120.12272,MARIPOSA,UNINCORPORATED,-120.12309380000001,37.588717899999999
90034923,2015,2015-10-20,9425,2015-10-11,1102,017403,,7,1,9,2200,0,1,3,,1,053,SR-49,"CROWN LEAD RD",2640.00,S,N,A,-,Y,,,,,,,,,,Y,2,0,1,1,A,-,08,22107,,N,F,A,A,A,H,-,A,D,0,,,Y,,Y,,C,02,1,0,0,0,0,0,0,0,1,"- ","- ",,,MARIPOSA,UNINCORPORATED,-120.17796783999999,37.688141909999999
90059375,2015,2015-11-25,9455,2015-11-21,2235,018215,,6,3,9,2200,0,3,5,,2,010,"TRIANGLE RD.","DARRAH RD",1056.00,E,N,A,-,N,,,,,,,,,,N,3,0,1,1,A,-,08,22107,,N,E,I,A,A,H,-,D,D,0,,,,,Y,,D,22,0,1,0,0,0,0,0,0,0,"- ","- ",,,MARIPOSA,UNINCORPORATED,-119.83192231,37.515401519999998
91351240,2020,2020-11-23,9455,2020-11-18,0900,018088,,3,1,9,2200,0,3,5,,2,009,"BEAR VALLEY ROAD","HUNTERS VALLEY RD",78.00,W,N,C,-,N,,,,,,,,,,Y,3,0,1,1,A,-,03,22350,,N,F,A,A,B,H,-,A,D,0,,,,Y,Y,,F,24,0,1,0,0,0,0,0,0,0,"- ","- ",37.564529418945312,-120.17079925537109,MARIPOSA,UNINCORPORATED,-120.17060089111328,37.564800262451172
90858737,2018,2018-11-13,9455,2018-11-05,1730,017124,,1,2,9,2200,0,3,5,,2,009,"BEAR CREEK RD","BRICEBURG RD",4752.00,E,N,A,-,N,,,,,,,,,,Y,3,0,1,1,A,-,08,22107,,N,F,A,A,A,H,-,B,D,0,,,,,Y,,A,07,0,1,0,0,0,0,0,0,0,"- ","- ",37.362598419189453,-119.58249664306641,MARIPOSA,UNINCORPORATED,,
91346313,2020,2020-11-16,9425,2020-11-12,1040,016886,,4,1,9,2200,0,1,3,,1,053,SR-49,"CROWN LEAD ROAD",3696.00,S,N,A,-,Y,,,49,,,,,,,Y,3,0,1,1,A,-,08,22107,,N,F,A,A,A,H,-,A,D,0,,,Y,,Y,,C,02,0,1,0,0,0,0,0,0,1,"- ","- ",37.685859680175781,-120.17696380615234,MARIPOSA,UNINCORPORATED,-120.17694854736328,37.685890197753906
92140959,2023,2023-08-10,9455,2023-08-02,"720 ",020097,,3,1,9,2200,0,1,3,,1,004,SR-49,"MOUNT OPHIR ROAD",1320.00,N,N,A,-,Y,MPA,,49," "," ",24.381,H,,R,Y,3,0,1,1,A,-,08,22107,,N,E,I,A,A,H,-,A,D,0,,,,,Y,,-,"- ",0,1,0,0,0,0,0,0,0,"- ","- ",37.515048980712891,-120.06654357910156,MARIPOSA,UNINCORPORATED,-120.0665283203125,37.515094757080078
92413047,2024,2024-06-12,9455,2024-06-07,2305,022213,,5,3,9,2200,0,1,3,,1,002,SR-140,"BRICEBURG RD",2640.00,W,N,A,-,Y,MPA,,140," "," ",32.104,H,,R,Y,3,0,2,1,A,-,08,22107,,N,E,9,A,A,H,-,D,D,0,,,,,Y,,D,22,0,1,1,0,0,0,0,0,0,"- ","- ",37.585708618164062,-119.96260070800781,MARIPOSA,UNINCORPORATED,-119.96261596679688,37.58563232421875
90154840,2016,2016-04-11,9425,2016-04-02,0440,017461,,6,3,9,2200,0,1,3,,1,054,SR-132,"PINEY CREEK RD",3168.00,W,N,A,-,Y,,,132,,,,,,,Y,3,0,1,1,A,-,08,22107,,N,E,I,A,A,H,-,D,D,0,,,,,Y,Y,A,07,0,1,0,0,0,0,0,0,0,"- ","- ",37.700499999999998,-120.2906,MARIPOSA,UNINCORPORATED,-120.29065527,37.700211779999997
91338982,2020,2020-11-04,9425,2020-10-28,2135,016886,,3,2,9,2200,0,3,5,,1,005,"CUNEO ROAD","PRIEST COULTERVILLE ROAD",792.00,N,N,A,-,N,,,,,,,,,,N,3,0,1,1,A,-,08,22107,,N,E,I,A,A,H,-,D,D,0,,,,,Y,,A,07,0,1,0,0,0,0,0,0,0,"- ","- ",37.753940582275391,-120.19293975830078,MARIPOSA,UNINCORPORATED,,
91409877,2021,2021-02-17,9455,2021-02-11,1410,021563,,4,2,9,2200,0,3,5,,2,009,"TRIANGLE RD","RANDACK RD",100.00,S,N,A,-,N,,,,,,,,,,Y,2,0,1,1,A,-,01,23152,A,N,E,I,A,A,H,-,A,D,0,,,,,Y,Y,D,22,1,0,0,0,0,0,0,0,0,"- ","- ",37.510471343994141,-119.82636260986328,MARIPOSA,UNINCORPORATED,-119.82664489746094,37.510505676269531
6829976,2015,2016-11-15,9455,2015-04-20,1505,019244,,1,2,9,2200,0,1,3,,1,002,"RT 140","5TH ST",100.00,E,N,B,-,Y,MPA,10,140,-,-,21.340,H,-,E,N,4,0,1,3,A,-,03,22350,,N,C,C,A,A,H,-,A,D,0,,,,,Y,,D,22,0,0,1,0,0,0,0,0,0,"- ","- ",37.485349999999997,-119.96478,MARIPOSA,UNINCORPORATED,-119.96508423,37.484587560000001
6835010,2015,2015-03-12,9455,2015-02-13,0846,018600,,5,1,9,2200,0,3,5,,2,010,"INDIAN PEAK RD","HUMBUG CREEK RD",4224.00,N,N,A,-,N,,,,,,,,,,N,4,0,1,1,A,-,08,22107,,N,E,I,A,A,H,-,A,D,0,,,,,Y,,A,01,0,0,1,0,0,0,0,0,0,"- ","- ",,,MARIPOSA,UNINCORPORATED,-119.87803563,37.424400939999998
6870448,2015,2016-09-14,9455,2015-03-25,1100,020126,,3,1,9,2200,0,1,3,,1,003,"RT 140","BEAR CREEK BRIDGE 40-04",8448.00,E,N,A,-,Y,MPA,10,140,-,-,33.120,H,-,E,Y,3,0,1,1,A,-,03,22350,,N,E,I,A,A,H,-,A,D,0,,,Y,,Y,,C,02,0,1,0,0,0,0,0,0,1,"- ","- ",,,MARIPOSA,UNINCORPORATED,-119.95774972,37.59506588
91185136,2020,2020-02-12,9455,2020-02-05,2120,020377,,3,2,9,2200,0,3,5,,2,010,"TRIANGLE RD","BUCKINGHAM MNT RD",2640.00,S,N,A,-,N,,,,,,,,,,Y,4,0,1,1,A,-,01,23152,A,N,E,I,A,A,H,-,D,D,0,,,,,Y,Y,D,22,0,0,1,0,0,0,0,0,0,"- ","- ",37.517261505126953,-119.91780090332031,MARIPOSA,UNINCORPORATED,-119.917603,37.517111
91386546,2021,2021-01-13,9425,2021-01-04,1515,017403,,1,2,9,2200,0,3,5,,1,005,"GREELEY HILL RD","PRIEST COULTERVILLE RD",6336.00,E,N,B,C,N,,,,,,,,,,Y,2,0,1,1,A,-,08,22107,,N,E,I,A,B,H,-,A,D,0,,,,,Y,,A,07,1,0,0,0,0,0,0,0,0,"- ","- ",37.736579895019531,-120.17781066894531,MARIPOSA,UNINCORPORATED,-120.18682098388672,37.735149383544922
91457890,2021,2021-04-26,9455,2021-04-15,1930,018939,,4,2,9,2200,0,3,5,,2,009,"FRANK WILSON RD","LEMEE WAY",58.00,N,N,A,-,N,,,,,,,,,,N,2,0,1,1,A,-,03,22350,,N,F,A,A,A,H,-,A,D,0,,,,,Y,,M,96,1,0,0,0,0,0,0,0,0,"- ","- ",37.500499725341797,-119.98560333251953,MARIPOSA,UNINCORPORATED,-119.98556000000001,37.500492999999999
91811517,2022,2022-07-06,9455,2022-04-28,1440,018869,,4,2,9,2200,0,1,3,,1,005,"STATE ROUTE 49 (GOLDEN CHAIN HIGHWAY)","PEG LEG RD",575.00,N,N,A,-,Y,MPA,,49,,,12.421,H,,R,Y,1,1,1,2,A,-,01,23152,G,N,D,C,A,A,H,-,A,D,0,,,Y,,Y,Y,C,02,0,0,1,0,0,0,0,1,0,"- ","- ",37.463348388671875,-119.89369964599609,MARIPOSA,UNINCORPORATED,-119.89368438720703,37.463275909423828
6865730,2015,2016-09-13,9425,2015-03-24,0925,17403,,2,1,9,2200,0,1,3,,1,051,"RT 120","HAMILTON STATION LOOP RD",1584.00,W,N,A,-,Y,MPA,10,120,-,-,42.710,H,-,E,N,3,0,1,1,A,-,03,22350,,N,F,A,A,A,H,-,A,D,5,,,Y,,Y,,C,02,0,1,0,0,0,0,0,0,1,"- ","- ",,,MARIPOSA,UNINCORPORATED,-120.07246720000001,37.815996859999998
90254340,2016,2016-08-26,9455,2016-08-20,2015,018939,,6,2,9,2200,0,1,3,,1,002,SR-140,"BRICEBURG RD",3168.00,W,N,A,-,Y,,,140,,,,,,,Y,4,0,4,2,A,-,05,21460,A,N,B,C,A,A,H,-,D,D,0,,,,,Y,,A,01,0,0,4,0,0,0,0,0,0,"- ","- ",37.598910000000004,-119.95905,MARIPOSA,UNINCORPORATED,-119.95907275,37.598915650000002
90512353,2017,2017-08-09,9455,2017-07-09,1755,021563,,7,2,9,2200,0,1,3,,1,001,"SR-140 W/B","1598 SR-140",270.00,W,N,A,-,Y,,,140,,,,,,W,Y,3,0,1,2,A,-,07,21658,A,N,B,C,A,A,H,-,A,D,0,,,,,Y,,D,22,0,1,0,0,0,0,0,0,0,"- ","- ",37.3596,-120.18512,MARIPOSA,UNINCORPORATED,-120.18511083,37.359521219999998
90520085,2017,2017-08-09,9425,2017-07-26,0203,017403,,3,3,9,2200,0,3,5,,1,005,"MERCED FALLS RD","MARIPOSA / MERCED COUNTY LINE",10032.00,N,N,A,-,N,,,,,,,,,,Y,3,0,1,1,A,-,01,23152,A,N,E,I,A,A,H,-,D,D,0,,,,,Y,Y,A,01,0,1,0,0,0,0,0,0,0,"- ","- ",,,MARIPOSA,UNINCORPORATED,-120.32545209,37.565778610000002
91668362,2021,2022-01-03,9455,2021-12-25,2000,019237,,6,2,9,2200,0,1,3,,1,004,"STATE HIGHWAY 49 NORTH","MT. OPHER ROAD",7920.00,N,N,B,C,Y,,,49,,,,,,,Y,4,0,1,1,A,-,08,22107,,N,E,8,A,B,H,-,D,D,0,,,,,Y,,D,22,0,0,1,0,0,0,0,0,0,"- ","- ",37.537040710449219,-120.08914184570312,MARIPOSA,UNINCORPORATED,-120.08902740478516,37.537117004394531
91799055,2022,2022-06-28,9455,2022-06-09,1210,020123,,4,1,9,2200,0,3,5,,2,010,"BULLION STREET","6TH STREET",0.00,,Y,A,-,N,,,,,,,,,,N,3,0,1,2,A,-,09,21802,A,N,D,C,A,A,H,-,A,A,0,,,Y,,Y,,C,02,0,1,0,0,0,0,0,0,1,"- ","- ",37.485458374023438,-119.96468353271484,MARIPOSA,UNINCORPORATED,-119.96459197998047,37.485439300537109
92265126,2023,2023-12-18,9455,2023-12-10,1630,022213,,7,2,9,2200,0,1,3,,1,002,"DARRAH ROAD","DEER SPRINGS ROAD",210.00,W,N,A,-,N,,,,,,,,,,Y,2,0,1,1,C,-,18,,,N,H,H,A,A,H,-,B,D,0,,,Y,,Y,,-,"- ",1,0,0,0,0,0,0,0,1,"- ","- ",37.493968963623047,-119.85561370849609,MARIPOSA,UNINCORPORATED,-119.85565185546875,37.493965148925781
92076217,2023,2023-05-24,9455,2023-05-20,"155 ",019244,,6,3,9,2200,0,3,5,,2,010,"SCHOOL HOUSE","STATE HIGHWAY 140",1584.00,S,N,A,-,N,,,,,,,,,,Y,4,0,1,1,A,-,08,22107,,N,F,A,A,A,H,-,D,D,0,,,,,Y,,-,"- ",0,0,1,0,0,0,0,0,0,"- ","- ",37.422580718994141,-120.10228729248047,MARIPOSA,UNINCORPORATED,-120.10236358642578,37.422744750976562
92189242,2023,2023-10-03,9425,2023-09-24,1040,017403,,7,1,9,2200,0,1,3,,1,053,SR-49,"SCHILLING RD.",3696.00,S,N,A,-,Y,MPA,,49," "," ",38.529,H,,R,N,4,0,1,1,A,-,00,22017,,N,F,A,A,A,H,-,A,D,0,,,,,Y,,A,01,0,0,1,0,0,0,0,0,0,"- ","- ",37.653831481933594,-120.15048980712891,MARIPOSA,UNINCORPORATED,-120.15037536621094,37.653751373291016
91015417,2019,2019-06-24,9455,2019-06-15,1815,021563,,6,2,9,2200,0,1,3,,1,003,SR-140,"HITES MINE RD",1000.00,W,N,A,-,Y,,,140,,,,,,,Y,3,0,1,2,A,-,09,21801,A,N,D,C,A,A,H,-,A,D,0,,,Y,,Y,,A,01,0,1,0,0,0,0,0,0,1,"- ","- ",37.660400390625,-119.85289001464844,MARIPOSA,UNINCORPORATED,-119.85289001464844,37.660388946533203
91134740,2019,2019-12-03,9425,2019-11-22,1345,017461,,5,1,9,2200,0,3,5,,1,005,"BLANCHARD ROAD","GUSANILLO WAY",30.00,S,N,A,-,N,,,,,,,,,,Y,2,0,1,1,A,-,01,23152,A,N,E,I,A,A,H,-,A,D,0,,,,,Y,Y,A,07,1,0,0,0,0,0,0,0,0,"- ","- ",37.725948333740234,-120.33209991455078,MARIPOSA,UNINCORPORATED,-120.33192443847656,37.72601318359375
92279798,2023,2024-01-04,9455,2023-12-25,1940,022213,,1,2,9,2200,0,1,3,,1,004,"SR-49 S/B","ALLRED RD",180.00,N,N,A,-,Y,MPA,,49," "," ",13.890,H,,L,N,3,0,1,1,A,-,01,23152,A,N,F,I,A,A,H,-,D,D,0,,,Y,,Y,Y,C,02,0,1,0,0,0,0,0,0,1,"- ","- ",37.459220886230469,-119.91696166992188,MARIPOSA,UNINCORPORATED,-119.91701507568359,37.459156036376953
92313006,2024,2024-02-13,9455,2024-02-07,1650,016876,,3,2,9,2200,0,1,3,,1,002,SR-140,"BUFFALO GULCH",9504.00,E,N,D,-,Y,MPA,,140," "," ",31.830,H,,R,Y,3,0,2,2,A,-,08,22107,,N,A,C,A,C,H,-,B,D,0,,,,,Y,,D,23,0,1,1,0,0,0,0,0,0,"- ","- ",37.582378387451172,-119.96019744873047,MARIPOSA,UNINCORPORATED,-119.96018218994141,37.582382202148438
6958449,2015,2016-11-15,9455,2015-06-04,1555,20126,,4,2,9,2200,0,1,3,,1,002,"RT 140","11TH ST",0.00,,Y,A,-,Y,MPA,10,140,-,-,21.750,I,5,E,N,4,0,1,2,A,-,09,21802,A,N,D,C,A,A,H,-,A,A,0,,,,,Y,,A,01,0,0,1,0,0,0,0,0,0,"- ","- ",37.489040000000003,-119.96972,MARIPOSA,UNINCORPORATED,-119.96970691,37.48899875