CASE_ID,ACCIDENT_YEAR,PROC_DATE,JURIS,COLLISION_DATE,COLLISION_TIME,OFFICER_ID,REPORTING_DISTRICT,DAY_OF_WEEK,CHP_SHIFT,POPULATION,CNTY_CITY_LOC,SPECIAL_COND,BEAT_TYPE,CHP_BEAT_TYPE,CITY_DIVISION_LAPD,CHP_BEAT_CLASS,BEAT_NUMBER,PRIMARY_RD,SECONDARY_RD,DISTANCE,DIRECTION,INTERSECTION,WEATHER_1,WEATHER_2,STATE_HWY_IND,CALTRANS_COUNTY,CALTRANS_DISTRICT,STATE_ROUTE,ROUTE_SUFFIX,POSTMILE_PREFIX,POSTMILE,LOCATION_TYPE,RAMP_INTERSECTION,SIDE_OF_HWY,TOW_AWAY,COLLISION_SEVERITY,NUMBER_KILLED,NUMBER_INJURED,PARTY_COUNT,PRIMARY_COLL_FACTOR,PCF_CODE_OF_VIOL,PCF_VIOL_CATEGORY,PCF_VIOLATION,PCF_VIOL_SUBSECTION,HIT_AND_RUN,TYPE_OF_COLLISION,MVIW,PED_ACTION,ROAD_SURFACE,ROAD_COND_1,ROAD_COND_2,LIGHTING,CONTROL_DEVICE,CHP_ROAD_TYPE,PEDESTRIAN_ACCIDENT,BICYCLE_ACCIDENT,MOTORCYCLE_ACCIDENT,TRUCK_ACCIDENT,NOT_PRIVATE_PROPERTY,ALCOHOL_INVOLVED,STWD_VEHTYPE_AT_FAULT,CHP_VEHTYPE_AT_FAULT,COUNT_SEVERE_INJ,COUNT_VISIBLE_INJ,COUNT_COMPLAINT_PAIN,COUNT_PED_KILLED,COUNT_PED_INJURED,COUNT_BICYCLIST_KILLED,COUNT_BICYCLIST_INJURED,COUNT_MC_KILLED,COUNT_MC_INJURED,PRIMARY_RAMP,SECONDARY_RAMP,LATITUDE,LONGITUDE,COUNTY,CITY,POINT_X,POINT_Y
91194579,2020,2020-02-27,9425,2020-02-17,1635,016812,,1,2,9,2200,0,3,5,,1,005,"BANDERILLA DR","RASTRO WAY",53.00,W,N,A,-,N,,,,,,,,,,N,2,0,1,1,C,-,18,,,N,H,A,A,A,H,-,A,D,0,,,Y,,Y,,-,"- ",1,0,0,0,0,0,0,0,1,"- ","- ",37.653541564941406,-120.34449768066406,MARIPOSA,UNINCORPORATED,-120.34443664550781,37.653495788574219
91216399,2020,2020-03-26,9455,2020-03-16,1435,020377,,1,2,9,2200,0,1,3,,1,004,"STATE HIGHWAY 49","OLD TOLL RD",1056.00,N,N,D,-,Y,,,49,,,,,,,Y,4,0,1,1,A,-,08,22107,,N,F,A,A,B,H,-,A,D,0,,,,,Y,,A,01,0,0,1,0,0,0,0,0,0,"- ","- ",37.513969421386719,-120.04878234863281,MARIPOSA,UNINCORPORATED,-120.04885864257812,37.513828277587891
91239690,2020,2020-05-19,9425,2020-05-10,1552,017403,,7,2,9,2200,0,1,3,,1,054,SR-132,"HORSESHOE BEND",2112.00,W,N,A,-,Y,,,132,,,,,,,Y,2,0,1,1,A,-,01,23152,F,N,E,I,A,A,H,-,A,D,0,,,,,Y,,A,07,1,0,0,0,0,0,0,0,0,"- ","- ",37.701328277587891,-120.25657653808594,MARIPOSA,UNINCORPORATED,-120.25658416748047,37.701347351074219
91261711,2020,2020-07-01,9455,2020-06-23,1815,020377,,2,2,9,2200,0,3,5,,2,009,"BRICEBURG ROAD","STATE HIGHWAY 140",3696.00,W,N,A,-,N,,,,,,,,,,Y,2,0,2,1,A,-,01,23152,A,N,F,A,A,A,H,-,A,D,0,,,,,Y,Y,A,01,1,0,1,0,0,0,0,0,0,"- ","- ",37.602188110351562,-119.97699737548828,MARIPOSA,UNINCORPORATED,-119.97709500000001,37.602158000000003
91271382,2020,2020-07-20,9455,2020-07-17,1340,018215,,5,1,9,2200,0,1,3,,1,005,SR-49,"DARRAH RD",0.00,,Y,A,-,Y,,,49,,,,,,,Y,3,0,3,2,A,-,12,22450,A,N,D,C,A,A,H,-,A,A,0,,,,,Y,,A,01,0,3,0,0,0,0,0,0,0,"- ","- ",37.463939666748047,-119.88852691650391,MARIPOSA,UNINCORPORATED,-119.88853454589844,37.463886260986328
91285265,2020,2020-08-12,9425,2020-08-05,1513,017403,,3,2,9,2200,0,1,3,,1,054,SR-132,"HORSESHOE BEND",400.00,W,N,A,-,Y,,,132,,,,,,,Y,3,0,1,1,A,-,01,23152,F,N,F,A,A,A,H,-,A,D,0,,,,,Y,,A,07,0,1,0,0,0,0,0,0,0,"- ","- ",37.702911376953125,-120.25047302246094,MARIPOSA,UNINCORPORATED,-120.25035858154297,37.702846527099609
91290249,2020,2020-08-21,9425,2020-08-19,0415,016886,,3,3,9,2200,0,3,5,,1,005,"BANDERILLA DRIVE","ALAMO DRIVE",489.00,S,N,A,-,N,,,,,,,,,,N,3,0,1,1,C,-,18,,,N,H,H,A,A,H,-,D,D,0,,,Y,,Y,,-,"- ",0,1,0,0,0,0,0,0,1,"- ","- ",37.658401489257812,-120.34944152832031,MARIPOSA,UNINCORPORATED,-120.34941101074219,37.658489227294922
91313624,2020,2020-09-28,9425,2020-09-23,1102,017403,,3,1,9,2200,0,1,3,,1,053,SR-49,"MARY HARRISON MINE RD",9504.00,S,N,A,-,Y,,,49,,,,,,,Y,2,0,1,1,A,-,08,22107,,N,E,I,A,A,H,-,A,D,0,,,Y,,Y,,C,02,1,0,0,0,0,0,0,0,1,"- ","- ",37.678390502929688,-120.16449737548828,MARIPOSA,UNINCORPORATED,-120.16446685791016,37.678401947021484
91316757,2020,2020-10-02,9425,2020-09-29,2030,016886,,2,2,9,2200,0,1,3,,1,053,SR-49,"CROWN LEAD ROAD",6600.00,S,N,A,-,Y,,,49,,,,,,,Y,3,0,1,1,A,-,08,22107,,N,E,I,A,A,H,-,D,D,0,,,,,Y,,A,01,0,1,0,0,0,0,0,0,0,"- ","- ",37.680278778076172,-120.17153930664062,MARIPOSA,UNINCORPORATED,-120.17153167724609,37.680278778076172
91351164,2020,2020-11-23,9455,2020-11-15,1557,018939,,7,2,9,2200,0,1,3,,1,004,"SR 49","RT 140",143.00,N,N,A,-,Y,,,49,,,,,,,N,2,0,1,2,A,-,01,23152,A,N,G,B,F,A,H,-,A,D,0,Y,,,,Y,Y,A,07,1,0,0,0,1,0,0,0,0,"- ","- ",37.492801666259766,-119.97329711914062,MARIPOSA,UNINCORPORATED,-119.97333526611328,37.493011474609375
91390748,2021,2021-01-19,9455,2021-01-15,1440,019500,,5,2,9,2200,0,1,3,,1,005,SR-49,"WORMAN RD",1056.00,S,N,A,-,Y,,,49,,,,,,,Y,2,0,1,1,A,-,08,22107,,N,F,A,A,A,H,-,A,D,0,,,,,Y,,A,01,1,0,0,0,0,0,0,0,0,"- ","- ",37.419200897216797,-119.72785949707031,MARIPOSA,UNINCORPORATED,-119.72792816162109,37.419315338134766
91411985,2021,2021-02-19,9425,2021-02-13,0810,016886,,6,1,9,2200,0,1,3,,1,053,SR-49,"SCHILLING ROAD",8448.00,S,N,B,C,Y,,,49,,,,,,,Y,4,0,1,1,A,-,08,22107,,N,E,I,A,B,H,-,A,D,0,,,,,Y,,A,07,0,0,1,0,0,0,0,0,0,"- ","- ",37.644180297851562,-120.14649963378906,MARIPOSA,UNINCORPORATED,-120.14656066894531,37.644142150878906
91431254,2021,2021-03-19,9455,2021-03-10,1425,018215,,3,2,9,2200,0,1,3,,1,001,SR-140,"TROWER RD",2112.00,W,N,C,D,Y,,,140,,,,,,,Y,3,0,2,2,A,-,05,21460,A,N,A,C,A,C,H,-,A,D,0,,,,,Y,,A,01,0,2,0,0,0,0,0,0,0,"- ","- ",37.446540832519531,-120.07341003417969,MARIPOSA,UNINCORPORATED,-120.07344055175781,37.446559906005859
91436954,2021,2021-03-26,9455,2021-03-18,1535,021563,,4,2,9,2200,0,1,3,,1,005,SR-49,"STOCKTON CREEK RD",528.00,S,N,B,C,Y,,,49,,,,,,,Y,4,0,4,3,A,-,08,22107,,N,B,C,A,B,H,-,A,D,0,,,,,Y,,A,01,0,0,4,0,0,0,0,0,0,"- ","- ",37.466579437255859,-119.94937896728516,MARIPOSA,UNINCORPORATED,-119.94933319091797,37.466583251953125
91479954,2021,2021-05-27,9456,2021-05-22,1345,018970,,6,1,9,2200,0,1,3,,2,055,SR-41,"MILL CANYON ROAD",3168.00,N,N,B,-,N,,,,,,,,,,Y,4,0,1,2,A,-,09,21801,A,N,D,C,A,B,H,-,A,D,0,,,,,Y,,A,07,0,0,1,0,0,0,0,0,0,"- ","- ",37.452449798583984,-119.64481353759766,MARIPOSA,UNINCORPORATED,-119.65235137939453,37.443351745605469
91493292,2021,2021-06-09,9425,2021-05-30,1115,017461,,7,1,9,2200,0,1,3,,1,053,SR-49,"SCHILLING RD",9504.00,S,N,A,-,Y,,,49,,,,,,,N,2,0,1,1,A,-,08,22107,,N,F,A,A,A,H,-,A,D,0,,,Y,,Y,,C,02,1,0,0,0,0,0,0,0,1,"- ","- ",37.647308349609375,-120.14762115478516,MARIPOSA,UNINCORPORATED,-120.14755249023438,37.647293090820312
91496173,2021,2021-06-14,9455,2021-06-12,1830,020377,,6,2,9,2200,0,1,3,,1,003,"STATE HIGHWAY 140","OAK ROAD",340.00,E,N,A,-,Y,,,140,,,,,,,Y,4,0,2,1,A,-,08,22107,,N,F,A,A,A,H,-,A,D,0,,,,,Y,,D,22,0,0,2,0,0,0,0,0,0,"- ","- ",37.556770324707031,-119.93193054199219,MARIPOSA,UNINCORPORATED,-119.93186187744141,37.556861877441406
91501742,2021,2021-06-21,9425,2021-06-15,1235,017403,,2,1,9,2200,0,3,5,,1,005,"MERCED FALLS RD","CORONADO DR",1056.00,S,N,A,-,N,,,,,,,,,,N,4,0,1,1,A,-,08,22107,,N,E,I,A,A,H,-,A,D,0,,,,,Y,,A,01,0,0,1,0,0,0,0,0,0,"- ","- ",37.625438690185547,-120.30811309814453,MARIPOSA,UNINCORPORATED,-120.3082275390625,37.626346588134766
91506890,2021,2021-06-25,9425,2021-06-24,2245,017461,,4,3,9,2200,0,3,5,,1,005,"LAZO WAY","CORONADO DR",1056.00,S,N,A,-,N,,,,,,,,,,Y,4,0,1,1,A,-,08,22107,,N,E,I,A,A,H,-,D,D,0,,,,,Y,Y,A,01,0,0,1,0,0,0,0,0,0,"- ","- ",37.636249542236328,-120.31321716308594,MARIPOSA,UNINCORPORATED,-120.31227874755859,37.633537292480469
91525896,2021,2021-07-21,9455,2021-07-14,1710,019500,,3,2,9,2200,0,1,3,,1,004,SR-49,"BEAR VALLEY RD.",5808.00,N,N,A,-,Y,,,49,,,,,,,Y,3,0,1,1,A,-,03,22350,,N,E,I,A,A,H,-,A,D,0,,,Y,,Y,,C,02,0,1,0,0,0,0,0,0,1,"- ","- ",37.589160919189453,-120.12235260009766,MARIPOSA,UNINCORPORATED,-120.12239837646484,37.589149475097656
91545946,2021,2021-08-16,9455,2021-08-05,0220,021563,,4,3,9,2200,0,3,5,,2,009,"USONA RD","USONA RIDGE RD.",1056.00,W,N,A,-,N,,,,,,,,,,Y,4,0,1,1,A,-,08,22107,,N,E,I,A,A,H,-,D,D,0,,,,,Y,,D,22,0,0,1,0,0,0,0,0,0,"- ","- ",37.429000854492188,-119.81983184814453,MARIPOSA,UNINCORPORATED,-119.82752990722656,37.433940887451172
91580854,2021,2021-09-27,9455,2021-09-23,1120,019237,,4,1,9,2200,0,1,3,,1,002,"STATE HIGHWAY 140","8TH STREET",50.00,W,N,A,-,Y,,,140,,,,,,,Y,3,0,2,2,A,-,09,21801,A,N,D,C,A,A,H,-,A,D,0,,,,,Y,,D,22,0,2,0,0,0,0,0,0,0,"- ","- ",37.4869384765625,-119.96753692626953,MARIPOSA,UNINCORPORATED,-119.96750640869141,37.486976623535156
91648199,2021,2021-12-09,9456,2021-12-05,1030,018970,,7,1,9,2200,0,1,S,,2,103,SR-41,"MT RAYMOND RD",3168.00,S,N,A,-,Y,,,41,,,,,,,Y,3,0,7,2,A,-,03,22350,,N,C,I,A,C,H,-,A,D,0,,,,,Y,,A,01,0,5,2,0,0,0,0,0,0,"- ","- ",37.489910125732422,-119.63098907470703,MARIPOSA,UNINCORPORATED,-119.63105773925781,37.489910125732422
91657521,2021,2021-12-21,9455,2021-12-15,1135,016876,,3,1,9,2200,0,1,3,,1,005,SR-49,"STUMPFIELD MOUNTAIN RD",1162.00,N,N,A,-,Y,,,49,,,,,,,Y,3,0,1,1,A,-,03,22350,,N,E,I,A,C,H,-,A,D,0,,,,,Y,,D,22,0,1,0,0,0,0,0,0,0,"- ","- ",37.45587158203125,-119.80995178222656,MARIPOSA,UNINCORPORATED,-119.80994415283203,37.455917358398438
91672085,2021,2022-01-06,9455,2021-12-25,1800,020377,,6,2,9,2200,0,3,5,,2,010,"CHOWCHILLA MOUNTAIN RD","TWIN PEAKS ROAD",20.00,W,N,C,-,N,,,,,,,,,,Y,4,0,1,1,A,-,08,22107,,N,F,A,A,B,H,-,D,D,0,,,,,Y,,A,01,0,0,1,0,0,0,0,0,0,"- ","- ",37.463481903076172,-119.77171325683594,MARIPOSA,UNINCORPORATED,-119.77173614501953,37.463489532470703
91693005,2022,2022-02-03,9425,2022-01-27,0545,017461,,4,3,9,2200,0,3,5,,1,005,"MERCED FALLS ROAD","PROUTY ROAD",10560.00,S,N,A,-,N,,,,,,,,,,Y,3,0,1,2,A,-,05,21460,A,N,B,C,A,A,H,-,B,D,0,,,,,Y,,D,22,0,1,0,0,0,0,0,0,0,"- ","- ",37.578578948974609,-120.307373046875,MARIPOSA,UNINCORPORATED,-120.30765533447266,37.579463958740234
91714061,2022,2022-03-03,9456,2022-02-23,1235,021285,,3,1,9,2200,0,1,3,,1,052,SR-41,"ROAD 630",2660.00,S,N,B,-,Y,MAD,,41,,,43.603,H,,R,Y,4,0,1,1,A,-,08,22107,,N,E,I,A,B,H,-,A,D,0,,,,,Y,,A,07,0,0,1,0,0,0,0,0,0,"- ","- ",37.421150207519531,-119.63427734375,MARIPOSA,UNINCORPORATED,-119.63426971435547,37.421302795410156
91747213,2022,2022-04-13,9425,2022-04-02,1500,016886,,6,2,9,2200,0,3,5,,1,005,"GREELEY HILL ROAD",BROADWAY,94.00,W,N,A,-,N,,,,,,,,,,Y,4,0,1,2,A,-,04,21703,,N,C,C,A,A,H,-,A,D,0,,,,,Y,,A,07,0,0,1,0,0,0,0,0,0,"- ","- ",37.713981628417969,-120.19396209716797,MARIPOSA,UNINCORPORATED,-120.19399261474609,37.713985443115234
91768639,2022,2022-05-10,9425,2022-04-09,2000,016886,,6,2,9,2200,0,3,5,,1,005,"NARCISCO WAY","STATE ROUTE 132",68.00,N,N,A,-,Y,MPA,,132,,R,8.335,H,,R,N,3,0,2,1,A,-,08,22107,,F,E,I,A,A,H,-,B,D,0,,,,,Y,Y,D,22,0,2,0,0,0,0,0,0,0,"- ","- ",37.713321685791016,-120.32543182373047,MARIPOSA,UNINCORPORATED,-120.32536315917969,37.713211059570312
91776642,2022,2022-05-20,9455,2022-05-12,1000,016876,,4,1,9,2200,0,1,3,,1,005,SR-49,"USONA RD",167.00,S,N,A,-,Y,MPA,,49,,,7.774,H,,R,Y,3,0,1,1,A,-,08,22107,,N,E,I,A,A,H,-,A,D,0,,,,,Y,,A,07,0,1,0,0,0,0,0,0,0,"- ","- ",37.452140808105469,-119.82115936279297,MARIPOSA,UNINCORPORATED,-119.8211669921875,37.452228546142578
91785743,2022,2022-06-01,9455,2022-05-13,1320,019500,,5,1,9,2200,0,1,3,,1,002,SR-140,"SR-49 SOUTH",0.00,,Y,A,-,Y,MPA,,140,,,21.219,H,,R,N,4,0,1,2,A,-,09,21801,A,M,D,C,A,A,H,-,A,D,0,,,Y,,Y,,D,22,0,0,1,0,0,0,0,0,1,"- ","- ",37.483089447021484,-119.96376800537109,MARIPOSA,UNINCORPORATED,-119.96376037597656,37.483097076416016
91785766,2022,2022-06-01,9425,2022-05-23,1730,018644,,1,2,9,2200,0,3,5,,1,005,"GREELEY HILL RD","PRIEST COULTERVILLE RD",4224.00,E,N,A,-,N,,,,,,,,,,N,3,0,1,1,A,-,08,22107,,N,F,A,A,A,H,-,A,D,0,,,Y,,Y,,C,02,0,1,0,0,0,0,0,0,1,"- ","- ",37.733661651611328,-120.17397308349609,MARIPOSA,UNINCORPORATED,-120.18682098388672,37.735149383544922
91796133,2022,2022-06-15,9425,2022-06-04,1155,016886,,6,1,9,2200,0,3,5,,1,005,"PRIEST COULTERVILLE ROAD","CUNEO ROAD",274.00,S,N,B,-,N,,,,,,,,,,Y,4,0,1,2,A,-,05,21650,,F,A,C,A,A,H,-,A,D,0,,,,,Y,,A,08,0,0,1,0,0,0,0,0,0,"- ","- ",37.750629425048828,-120.19329833984375,MARIPOSA,UNINCORPORATED,-120.19450378417969,37.751293182373047
91810046,2022,2022-07-05,9425,2022-07-02,0620,016886,,6,1,9,2200,0,3,5,,1,005,"GREELEY HILL ROAD","VIA DE LOS PINOS",0.00,,Y,A,-,N,,,,,,,,,,Y,2,0,2,1,A,-,01,23152,A,N,E,I,A,A,H,-,A,D,0,,,,,Y,Y,D,22,1,1,0,0,0,0,0,0,0,"- ","- ",37.739128112792969,-120.14508056640625,MARIPOSA,UNINCORPORATED,-120.14508819580078,37.739078521728516
91839106,2022,2022-08-12,9425,2022-07-23,2022,019657,,6,2,9,2200,0,1,3,,2,042,"STATE ROUTE 120","EVERGREEN RD",430.00,W,N,A,-,Y,TUO,,120,,R,56.075,H,,R,Y,2,0,1,1,A,-,01,23152,A,N,F,A,A,A,H,-,B,D,0,,,,,Y,Y,D,22,1,0,0,0,0,0,0,0,0,"- ","- ",37.815929412841797,-119.87615203857422,MARIPOSA,UNINCORPORATED,-119.87616729736328,37.815891265869141
91875503,2022,2022-09-28,9425,2022-09-18,1727,019918,,7,2,9,2200,0,1,3,,1,054,SR-132,"PINEY CREEK RD",1584.00,W,N,B,C,Y,MPA,,132,,R,10.043,H,,R,Y,3,0,2,1,A,-,03,22350,,N,E,I,A,B,H,-,A,D,0,,,,,Y,,A,01,0,2,0,0,0,0,0,0,0,"- ","- ",37.702068328857422,-120.29873657226562,MARIPOSA,UNINCORPORATED,-120.29859924316406,37.702232360839844
91880363,2022,2022-10-03,9455,2022-09-24,1930,021563,,6,2,9,2200,0,3,5,,2,010,"APPERSON MINE RD","HITES COVE RD",22.00,W,N,A,-,N,,,,,,,,,,N,2,0,1,1,A,-,01,23152,A,N,E,A,A,A,H,-,B,D,0,,,Y,,Y,Y,C,06,1,0,0,0,0,0,0,0,1,"- ","- ",37.592231750488281,-119.85249328613281,MARIPOSA,UNINCORPORATED,-119.85251617431641,37.592193603515625
91882878,2022,2022-10-05,9455,2022-09-26,1715,018939,,1,2,9,2200,0,1,3,,1,004,"SR 49","DRUNKEN GULCH",4752.00,N,N,A,-,Y,MPA,,49,,,31.447,H,,R,N,3,0,1,1,A,-,03,22350,,N,F,A,A,A,H,-,A,D,0,,,,,Y,,E,22,0,1,0,0,0,0,0,0,0,"- ","- ",37.595748901367188,-120.12554931640625,MARIPOSA,UNINCORPORATED,-120.12552642822266,37.595691680908203
91901061,2022,2022-10-27,9455,2022-10-23,1200,019237,,7,1,9,2200,0,1,3,,1,005,"STATE HIGHWAY 49 SOUTH","SEBASTOPOL ROAD",0.00,,Y,A,-,Y,MPA,,49,,,12.546,H,,R,N,4,0,1,2,A,-,01,23152,A,N,D,C,A,A,H,-,A,A,0,,,,,Y,Y,A,01,0,0,1,0,0,0,0,0,0,"- ","- ",37.462921142578125,-119.89592742919922,MARIPOSA,UNINCORPORATED,-119.89593505859375,37.462940216064453
91912471,2022,2022-11-08,9455,2022-11-01,0730,016876,,2,1,9,2200,0,1,3,,1,002,SR-140,"BUFFALO GULCH",4752.00,E,N,B,-,Y,MPA,,140,,,32.462,H,,R,Y,3,0,1,2,A,-,05,21460,A,N,A,C,A,A,D,-,B,A,0,,,,,Y,,A,01,0,1,0,0,0,0,0,0,0,"- ","- ",37.589458465576172,-119.96481323242188,MARIPOSA,UNINCORPORATED,-119.96475219726562,37.589458465576172
92002517,2023,2023-02-24,9455,2023-02-13,1555,018869,,1,2,9,2200,0,1,3,,1,005,SR49,"WORMAN RD.",0.00,,Y,A,-,Y,MPA,,49," "," ",0.823,H,,R,Y,2,0,2,2,A,-,09,21802,A,N,D,C,A,A,H,-,A,A,0,,,,,Y,,D,22,1,1,0,0,0,0,0,0,0,"- ","- ",37.422531127929688,-119.72502899169922,MARIPOSA,UNINCORPORATED,-119.72499084472656,37.422515869140625
92039038,2023,2023-04-07,9455,2023-03-24,2305,021295,,5,3,9,2200,0,1,3,,1,005,SR-49,"OLD HIGHWAY (SOUTH)",150.00,S,N,A,-,Y,,,,,,,,,,Y,2,0,1,1,A,-,08,22107,,N,E,I,A,A,H,-,D,D,0,,,,,Y,,D,22,1,0,0,0,0,0,0,0,0,"- ","- ",37.470809936523438,-119.95053863525391,MARIPOSA,UNINCORPORATED,-119.95090484619141,37.470375061035156
92074212,2023,2023-05-22,9455,2023-05-14,"5   ",021295,,7,3,9,2200,0,1,3,,1,005,SR-49,"CHOWCHILLA MOUNTAIN ROAD",20.00,N,N,A,-,Y,MPA,,49," "," ",5.160,H,,R,Y,3,0,1,1,A,-,08,22107,,N,E,I,A,A,H,-,D,D,0,,,,,Y,,A,01,0,1,0,0,0,0,0,0,0,"- ","- ",37.463031768798828,-119.77748870849609,MARIPOSA,UNINCORPORATED,-119.77750396728516,37.462985992431641
92079646,2023,2023-05-26,9455,2023-05-20,1630,020377,,6,2,9,2200,0,1,3,,1,005,"STATE ROUTE 49","DARRAH ROAD",0.00,,Y,A,-,Y,MPA,,49," "," ",12.138,H,,R,N,4,0,1,2,A,-,09,21804,A,N,D,C,A,A,H,-,A,A,0,,,,,Y,,D,22,0,0,1,0,0,0,0,0,0,"- ","- ",37.463909149169922,-119.88857269287109,MARIPOSA,UNINCORPORATED,-119.88857269287109,37.463886260986328
92119247,2023,2023-07-17,9455,2023-07-09,1815,020377,,7,2,9,2200,0,1,3,,1,002,"STATE ROUTE 140","4TH ST",110.00,E,N,A,-,Y,MPA,,140," "," ",21.292,H,,R,N,4,0,1,2,A,-,11,21954,A,N,G,B,D,A,H,-,A,D,0,Y,,,,Y,,N,60,0,0,1,0,1,0,0,0,0,"- ","- ",37.483959197998047,-119.9644775390625,MARIPOSA,UNINCORPORATED,-119.96452331542969,37.483932495117188
92188068,2023,2023-10-02,9455,2023-09-20,1445,020377,,3,2,9,2200,0,1,3,,1,004,"STATE ROUTE 49","BEAR VALLEY ROAD",18480.00,N,N,A,-,Y,MPA,,49," "," ",31.850,H,,R,N,4,0,1,1,A,-,08,22107,,N,F,A,A,A,H,-,A,D,0,,,Y,,Y,,C,02,0,0,1,0,0,0,0,0,1,"- ","- ",37.599048614501953,-120.12487030029297,MARIPOSA,UNINCORPORATED,-120.12489318847656,37.598987579345703
92209251,2023,2023-10-26,9455,2023-10-23,1135,019244,,1,1,9,2200,0,3,5,,2,010,"HIRSCH RD",SR-49,1056.00,W,N,B,-,N,,,,,,,,,,N,3,0,1,2,A,-,05,21460,A,M,F,A,A,A,H,-,A,D,0,,,,Y,Y,,-,99,0,1,0,0,0,0,0,0,0,"- ","- ",37.448471069335938,-119.85376739501953,MARIPOSA,UNINCORPORATED,-119.85507202148438,37.447345733642578
92256385,2023,2023-12-07,9455,2023-12-01,1820,019500,,5,2,9,2200,0,1,3,,1,004,SR-49,"PENDOLA GARDEN RD",1056.00,S,N,A,-,Y,,,,,,,,,,Y,4,0,2,1,C,-,18,,,N,H,H,A,A,H,-,D,D,0,,,,,Y,,-,"- ",0,0,2,0,0,0,0,0,0,"- ","- ",37.552928924560547,-120.16412353515625,MARIPOSA,UNINCORPORATED,-120.11038970947266,37.557674407958984
92262293,2023,2023-12-14,9455,2023-12-02,1710,022213,,6,2,9,2200,0,1,3,,1,003,SR-140,"EL PORTAL RD",25872.00,W,N,A,-,Y,MPA,,140," "," ",44.582,H,,R,N,2,0,1,2,A,-,11,21954,A,N,G,B,D,A,H,-,B,D,0,Y,,,,Y,,N,60,1,0,0,0,1,0,0,0,0,"- ","- ",37.663860321044922,-119.86940765380859,MARIPOSA,UNINCORPORATED,-119.86941528320312,37.663864135742188
92277825,2023,2024-01-03,9425,2023-12-23,"155 ",021474,,6,3,9,2200,0,1,3,,1,053,SR-49,"SCHILLING RD",7603.00,S,N,E,-,Y,MPA,,49," "," ",37.333,H,,R,Y,2,0,1,1,A,-,08,22107,,N,E,I,A,A,H,-,D,D,0,,,,,Y,Y,D,22,1,0,0,0,0,0,0,0,0,"- ","- ",37.640678405761719,-120.14946746826172,MARIPOSA,UNINCORPORATED,-120.14944458007812,37.640682220458984
92305754,2024,2024-02-05,9455,2024-01-24,2148,021511,,3,2,9,2200,0,1,3,,1,004,SR-49,"DRUNKEN GULCH ROAD",6864.00,N,N,B,C,Y,MPA,,49," "," ",31.839,H,,R,Y,4,0,1,1,A,-,03,22350,,N,E,I,A,B,H,-,D,D,0,,,,,Y,,J,48,0,0,1,0,0,0,0,0,0,"- ","- ",37.598949432373047,-120.12468719482422,MARIPOSA,UNINCORPORATED,-120.12472534179688,37.598915100097656
92383902,2024,2024-05-07,9456,2024-04-27,2300,021854,,6,3,9,2200,0,1,3,,1,052,"SR-41 N/B","MIAMI MOUNTAIN RD.",1000.00,S,N,A,-,Y,MPA,,41," "," ",0.131,H,,R,Y,3,0,1,1,A,-,08,22107,,N,E,I,A,A,H,-,D,D,0,,,,,Y,Y,-,"- ",0,1,0,0,0,0,0,0,0,"- ","- ",37.443168640136719,-119.65248870849609,MARIPOSA,UNINCORPORATED,-119.65245819091797,37.443359375
92404280,2024,2024-06-03,9455,2024-05-25,1827,020156,,6,2,9,2200,0,3,5,,2,009,"BEAR VALLEY RD","EXCHEQUER ROAD",2640.00,E,N,A,-,N,,,,,,,,,,Y,3,0,2,1,A,-,01,23152,A,N,E,I,A,A,H,-,A,D,0,,,,,Y,Y,A,01,0,1,1,0,0,0,0,0,0,"- ","- ",37.519889831542969,-120.23312377929688,MARIPOSA,UNINCORPORATED,-120.23398590087891,37.519886016845703
92417236,2024,2024-06-18,9455,2024-06-10,"506 ",021511,,1,3,9,2200,0,1,3,,1,001,SR-140,"OWENS DAM",1600.00,W,N,A,-,N,,,,,,,,,,N,4,0,1,1,A,-,08,22107,,N,E,I,A,A,H,-,B,D,0,,,,,Y,,A,01,0,0,1,0,0,0,0,0,0,"- ","- ",37.348850250244141,-120.20326232910156,MARIPOSA,UNINCORPORATED,,
92422841,2024,2024-06-25,9455,2024-06-15,"300 ",021511,,6,3,9,2200,0,1,3,,1,001,"SR-140 E/B","OWENS CREEK RD",10771.00,E,N,A,-,Y,MPA,,140," "," ",2.637,H,,R,N,3,0,1,1,A,-,01,23152,A,N,E,I,A,A,H,-,D,D,0,,,,,Y,Y,D,22,0,1,0,0,0,0,0,0,0,"- ","- ",37.360008239746094,-120.17965698242188,MARIPOSA,UNINCORPORATED,-120.17971038818359,37.360069274902344