CASE_ID,ACCIDENT_YEAR,PROC_DATE,JURIS,COLLISION_DATE,COLLISION_TIME,OFFICER_ID,REPORTING_DISTRICT,DAY_OF_WEEK,CHP_SHIFT,POPULATION,CNTY_CITY_LOC,SPECIAL_COND,BEAT_TYPE,CHP_BEAT_TYPE,CITY_DIVISION_LAPD,CHP_BEAT_CLASS,BEAT_NUMBER,PRIMARY_RD,SECONDARY_RD,DISTANCE,DIRECTION,INTERSECTION,WEATHER_1,WEATHER_2,STATE_HWY_IND,CALTRANS_COUNTY,CALTRANS_DISTRICT,STATE_ROUTE,ROUTE_SUFFIX,POSTMILE_PREFIX,POSTMILE,LOCATION_TYPE,RAMP_INTERSECTION,SIDE_OF_HWY,TOW_AWAY,COLLISION_SEVERITY,NUMBER_KILLED,NUMBER_INJURED,PARTY_COUNT,PRIMARY_COLL_FACTOR,PCF_CODE_OF_VIOL,PCF_VIOL_CATEGORY,PCF_VIOLATION,PCF_VIOL_SUBSECTION,HIT_AND_RUN,TYPE_OF_COLLISION,MVIW,PED_ACTION,ROAD_SURFACE,ROAD_COND_1,ROAD_COND_2,LIGHTING,CONTROL_DEVICE,CHP_ROAD_TYPE,PEDESTRIAN_ACCIDENT,BICYCLE_ACCIDENT,MOTORCYCLE_ACCIDENT,TRUCK_ACCIDENT,NOT_PRIVATE_PROPERTY,ALCOHOL_INVOLVED,STWD_VEHTYPE_AT_FAULT,CHP_VEHTYPE_AT_FAULT,COUNT_SEVERE_INJ,COUNT_VISIBLE_INJ,COUNT_COMPLAINT_PAIN,COUNT_PED_KILLED,COUNT_PED_INJURED,COUNT_BICYCLIST_KILLED,COUNT_BICYCLIST_INJURED,COUNT_MC_KILLED,COUNT_MC_INJURED,PRIMARY_RAMP,SECONDARY_RAMP,LATITUDE,LONGITUDE,COUNTY,CITY,POINT_X,POINT_Y
91089682,2019,2019-10-03,9455,2019-09-27,1425,021563,,5,2,9,2200,0,1,3,,1,005,SR-49,"DARRAH RD",2112.00,S,N,A,-,Y,,,49,,,,,,,N,3,0,3,2,A,-,03,22350,,N,C,C,A,A,H,-,A,D,0,,,,,Y,,A,01,0,3,0,0,0,0,0,0,0,"- ","- ",37.461688995361328,-119.88050079345703,MARIPOSA,UNINCORPORATED,-119.8804931640625,37.461696624755859
91102428,2019,2019-10-22,9455,2019-09-14,0225,021228,,6,3,9,2200,0,3,5,,2,009,"HUNTERS VALLEY ACCESS RD","BEAR VALLEY ROAD",21120.00,N,N,A,-,N,,,,,,,,,,N,2,0,1,2,A,-,03,22350,,F,G,B,E,A,H,-,D,D,0,Y,,Y,,Y,Y,C,06,1,0,0,0,1,0,0,0,0,"- ","- ",37.614101409912109,-120.18209838867188,MARIPOSA,UNINCORPORATED,-120.1463623046875,37.585060119628906
91112280,2019,2019-11-04,9455,2019-10-30,1240,020377,,3,1,9,2200,0,1,3,,1,005,"STATE HIGHWAY 49","VARAIN RD",0.00,,Y,A,-,Y,,,49,,,,,,,Y,4,0,1,1,C,-,18,,,N,H,H,A,A,H,-,A,D,0,,,Y,,Y,,-,"- ",0,0,1,0,0,0,0,0,1,"- ","- ",37.460239410400391,-119.94344329833984,MARIPOSA,UNINCORPORATED,-119.94344329833984,37.460224151611328
91120293,2019,2019-11-14,9425,2019-11-06,0452,017403,,3,3,9,2200,0,3,5,,1,005,"MERCED FALLS RD","HORNITOS RD",18480.00,N,N,A,-,N,,,,,,,,,,Y,4,0,1,1,A,-,08,22107,,N,E,I,A,A,H,-,A,D,0,,,,,Y,,A,07,0,0,1,0,0,0,0,0,0,"- ","- ",37.570610046386719,-120.31746673583984,MARIPOSA,UNINCORPORATED,-120.31748962402344,37.570640563964844
91125069,2019,2019-11-20,9455,2019-11-10,1310,019237,,7,1,9,2200,0,1,3,,1,004,"STATE HIGHWAY 49 NORTH","PINETREE RD",6336.00,N,N,A,-,Y,,,,,,,,,,Y,2,0,2,1,A,-,08,22107,,N,F,A,A,A,H,-,A,D,0,,,Y,,Y,,C,02,1,0,1,0,0,0,0,0,2,"- ","- ",37.594070434570312,-119.12885284423828,MARIPOSA,UNINCORPORATED,-120.12841796875,37.593570709228516
91143381,2019,2019-12-13,9455,2019-12-09,0725,019237,,1,1,9,2200,0,1,3,,1,003,"STATE HIGHWAY 140","HITES MINE RD",6864.00,W,N,B,-,Y,,,140,,,,,,,Y,2,0,1,1,A,-,08,22107,,N,E,I,A,B,H,-,A,A,0,,,,,Y,,A,01,1,0,0,0,0,0,0,0,0,"- ","- ",37.663078308105469,-119.87043762207031,MARIPOSA,UNINCORPORATED,-119.87042999267578,37.663070678710938
91150438,2019,2019-12-23,9456,2019-12-15,2025,021135,,7,2,9,2200,0,1,3,,1,052,SR-41,"JACKSON RD",2984.00,S,N,A,-,Y,,,41,,,,,,,Y,3,0,1,1,A,-,08,22107,,N,E,I,A,A,H,-,D,D,0,,,,,Y,,A,07,0,1,0,0,0,0,0,0,0,"- ","- ",37.468021392822266,-119.64508819580078,MARIPOSA,UNINCORPORATED,-119.64513397216797,37.468025207519531
91175374,2020,2020-01-28,9455,2020-01-16,1445,018939,,4,2,9,2200,1,3,5,,2,010,"STREETER MTN RD","SR 49",27.00,W,N,D,-,N,,,,,,,,,,N,4,0,1,1,C,-,18,,,N,E,A,A,B,A,-,A,D,0,,,,,Y,,-,"- ",0,0,1,0,0,0,0,0,0,"- ","- ",37.453701019287109,-119.86740112304688,MARIPOSA,UNINCORPORATED,-119.86734008789062,37.453666687011719
91181696,2020,2020-02-06,9455,2020-01-29,1838,018939,,3,2,9,2200,0,1,3,,1,001,SR-140,"OLD HIGHWAY RD",6336.00,W,N,A,-,Y,,,140,,,,,,,Y,4,0,1,1,A,-,08,22107,,N,F,A,A,A,H,-,D,D,0,,,,,Y,,D,22,0,0,1,0,0,0,0,0,0,"- ","- ",37.394901275634766,-120.14710235595703,MARIPOSA,UNINCORPORATED,-120.14708709716797,37.394882202148438
91184785,2020,2020-02-11,9455,2020-02-04,1010,016876,,2,1,9,2200,0,1,3,,1,002,SR-140,SR-49,81.00,W,N,A,-,Y,,,140,,,,,,,Y,4,0,2,1,C,-,18,,,N,H,A,A,A,H,-,A,D,0,,,,,Y,,-,"- ",0,0,2,0,0,0,0,0,0,"- ","- ",37.482799530029297,-119.96369934082031,MARIPOSA,UNINCORPORATED,-119.963623046875,37.482837677001953
91185707,2020,2020-02-12,9425,2020-01-24,1615,017461,,5,2,9,2200,0,3,5,,1,005,"PINEY CREEK RD","STATE ROUTE 132",4752.00,S,N,A,-,N,,,,,,,,,,N,2,0,1,1,A,-,01,23152,A,N,F,A,A,A,H,-,A,D,0,,,Y,,Y,Y,C,02,1,0,0,0,0,0,0,0,1,"- ","- ",37.696189880371094,-120.30355072021484,MARIPOSA,UNINCORPORATED,-120.30689239501953,37.693389892578125
91201120,2020,2020-03-03,9425,2020-03-01,1644,017403,,7,2,9,2200,0,3,5,,1,005,"RANCHITO DR","GOLFITO WAY",136.00,W,N,A,-,N,,,,,,,,,,Y,4,0,1,1,A,-,08,22107,,N,E,I,A,A,H,-,A,D,0,,,,,Y,,A,07,0,0,1,0,0,0,0,0,0,"- ","- ",37.630210876464844,-120.35514831542969,MARIPOSA,UNINCORPORATED,-120.35508728027344,37.630161285400391
91223946,2020,2020-04-10,9455,2020-04-04,2215,021295,,6,3,9,2200,0,3,5,,2,010,"HIRSCH RD","CREEK VIEW DR",25.00,N,N,C,-,N,,,,,,,,,,Y,3,0,1,1,A,-,01,23152,A,N,E,I,A,B,H,-,D,D,0,,,,,Y,Y,A,07,0,1,0,0,0,0,0,0,0,"- ","- ",37.439498901367188,-119.86049652099609,MARIPOSA,UNINCORPORATED,-119.86036682128906,37.439346313476562
91236769,2020,2020-05-12,9425,2020-05-02,1215,017461,,6,1,9,2200,0,1,3,,1,053,SR-49,"SCHILLING RD",8976.00,S,N,A,-,Y,,,,,,,,,,Y,2,0,1,2,A,-,08,22107,,N,F,A,A,A,H,-,A,D,0,,,Y,,Y,,C,02,1,0,0,0,0,0,0,0,1,"- ","- ",37.630428314208984,-120.15106201171875,MARIPOSA,UNINCORPORATED,-120.14641571044922,37.643630981445312
91237873,2020,2020-05-14,9455,2020-05-07,0520,016876,,4,3,9,2200,0,3,5,,2,010,"HIRSCH RD","CREEK VIEW DR",210.00,N,N,A,-,N,,,,,,,,,,N,3,0,1,1,A,-,08,22107,,N,F,A,A,A,H,-,B,D,0,,,,,Y,,A,01,0,1,0,0,0,0,0,0,0,"- ","- ",37.439800262451172,-119.86019897460938,MARIPOSA,UNINCORPORATED,-119.86030578613281,37.439826965332031
91241249,2020,2020-05-22,9455,2020-05-12,1857,019500,,2,2,9,2200,0,3,5,,2,010,"BEN HUR RD","BLUE BONNET LN.",165.00,E,N,A,-,N,,,,,,,,,,Y,4,0,1,2,A,-,05,21460,A,N,B,C,A,A,H,-,A,D,0,,,,,Y,,A,01,0,0,1,0,0,0,0,0,0,"- ","- ",37.448940277099609,-119.93952941894531,MARIPOSA,UNINCORPORATED,-119.93876647949219,37.447319030761719
91243307,2020,2020-05-27,9455,2020-05-19,1530,021563,,2,2,9,2200,0,1,3,,1,002,SR-140,"BEAR CREEK BRIDGE",3168.00,E,N,C,-,Y,,,140,,,,,,,Y,4,0,2,1,A,-,03,22350,,N,E,I,A,B,H,-,A,D,0,,,,,Y,,D,22,0,0,2,0,0,0,0,0,0,"- ","- ",37.585739135742188,-119.96282958984375,MARIPOSA,UNINCORPORATED,-119.96283721923828,37.585666656494141
91243517,2020,2020-05-28,9455,2020-05-25,1635,019237,,1,2,9,2200,0,3,5,,2,010,"HARRIS CUTOFF ROAD","CHOWCHILLA MOUNTAIN RD",550.00,E,N,A,-,N,,,,,,,,,,Y,3,0,1,1,A,-,01,23152,A,N,E,I,A,A,H,-,A,D,0,,,,,Y,Y,A,01,0,1,0,0,0,0,0,0,0,"- ","- ",37.464820861816406,-119.75428009033203,MARIPOSA,UNINCORPORATED,-119.7554931640625,37.464462280273438
91245608,2020,2020-06-01,9425,2020-05-25,1452,017403,,1,2,9,2200,0,3,5,,1,005,"MERCED FALLS RD","CORONADO DR",26400.00,S,N,A,-,N,,,,,,,,,,Y,2,0,1,1,A,-,01,23152,A,N,F,A,A,A,H,-,A,D,0,,,Y,,Y,Y,C,02,1,0,0,0,0,0,0,0,1,"- ","- ",37.565418243408203,-120.32586669921875,MARIPOSA,UNINCORPORATED,-120.32491302490234,37.566234588623047
91255468,2020,2020-06-22,9455,2020-06-11,1917,019500,,4,2,9,2200,0,1,3,,1,001,SR-140,"MARTIN RD",528.00,W,N,A,-,Y,,,140,,,,,,,Y,3,0,1,1,A,-,01,23152,A,M,E,I,A,A,H,-,A,D,0,,,,,Y,Y,D,22,0,1,0,0,0,0,0,0,0,"- ","- ",37.478790283203125,-119.98368072509766,MARIPOSA,UNINCORPORATED,-119.98366546630859,37.478870391845703
91256718,2020,2020-06-24,9455,2020-06-15,2255,021563,,1,3,9,2200,0,3,5,,2,009,"PENDOLA GARDEN RD","OLD TOLL RD",2640.00,N,N,A,-,N,,,,,,,,,,Y,2,0,1,1,A,-,08,22107,,N,F,A,A,A,H,-,D,D,0,,,Y,,Y,,C,06,1,0,0,0,0,0,0,0,1,"- ","- ",37.523929595947266,-120.10759735107422,MARIPOSA,UNINCORPORATED,-120.10459136962891,37.513442993164062
91262931,2020,2020-07-03,9425,2020-06-27,1900,017461,,6,2,9,2200,0,3,5,,1,005,"MERCED FALLS RD","CORONADO DR",15312.00,S,N,A,-,N,,,,,,,,,,Y,4,0,1,1,A,-,08,22107,,N,E,I,A,A,H,-,A,D,0,,,,,Y,,A,01,0,0,1,0,0,0,0,0,0,"- ","- ",37.597808837890625,-120.30824279785156,MARIPOSA,UNINCORPORATED,-120.30696105957031,37.587894439697266
91264827,2020,2020-07-07,9425,2020-07-03,1530,016886,,5,2,9,2200,0,1,3,,1,053,SR-49,"CROWN LEAD ROAD",6336.00,S,N,A,-,Y,,,49,,,,,,,Y,3,0,1,2,A,-,05,21460,A,F,F,A,A,A,H,-,A,D,0,,,Y,,Y,,D,22,0,1,0,0,0,0,0,0,1,"- ","- ",37.680149078369141,-120.17150115966797,MARIPOSA,UNINCORPORATED,-120.17153167724609,37.680141448974609
91280896,2020,2020-08-05,9455,2020-07-24,0515,020377,,5,3,9,2200,0,1,3,,1,005,"STATE HIGHWAY 49","KEMBLE RD",505.00,S,N,A,-,Y,,,49,,,,,,,Y,2,0,2,2,A,-,06,21751,,N,B,C,A,A,H,-,B,D,0,,,Y,,Y,,A,07,2,0,0,0,0,0,0,0,1,"- ","- ",37.447540283203125,-119.75335693359375,MARIPOSA,UNINCORPORATED,-119.75330352783203,37.447811126708984
91297454,2020,2020-09-02,9455,2020-08-23,1530,018939,,7,2,9,2200,0,3,5,,2,009,"MOUNT BULLION CUT OFF RD","RT 140",3168.00,N,N,A,-,N,,,,,,,,,,Y,2,0,1,1,A,-,08,22107,,N,E,I,A,A,H,-,A,D,0,,,Y,,Y,,C,02,1,0,0,0,0,0,0,0,1,"- ","- ",37.483600616455078,-120.05840301513672,MARIPOSA,UNINCORPORATED,-120.05886840820312,37.483806610107422
91300468,2020,2020-09-08,9425,2020-09-01,1547,017403,,2,2,9,2200,0,1,3,,1,054,SR-132,"GRANITE SPRINGS RD",4752.00,E,N,A,-,Y,,,132,,,,,,,N,3,0,1,1,A,-,08,22107,,N,F,A,A,A,H,-,A,D,0,,,Y,,Y,,C,02,0,1,0,0,0,0,0,0,1,"- ","- ",37.700408935546875,-120.27391052246094,MARIPOSA,UNINCORPORATED,-120.27393341064453,37.700366973876953
91308491,2020,2020-09-21,9425,2020-09-20,1052,017403,,7,1,9,2200,0,3,5,,1,005,"PRIEST COULTERVILLE RD","CUNEO RD",300.00,N,N,A,-,N,,,,,,,,,,N,3,0,1,1,A,-,08,22107,,N,F,A,A,A,H,-,A,A,0,,,Y,,Y,,C,02,0,1,0,0,0,0,0,0,1,"- ","- ",37.751331329345703,-120.19461822509766,MARIPOSA,UNINCORPORATED,-120.194603,37.751320999999997
91313070,2020,2020-09-28,9455,2020-09-19,1800,020377,,6,2,9,2200,0,3,5,,2,010,"TRIANGLE RD","BUCKINGHAM MNT RD",3696.00,S,N,A,-,N,,,,,,,,,,Y,4,0,2,2,A,-,09,21804,A,N,D,C,A,A,H,-,A,D,0,,,,,Y,,A,01,0,0,2,0,0,0,0,0,0,"- ","- ",37.509689331054688,-119.91092681884766,MARIPOSA,UNINCORPORATED,-119.915691,37.514670000000002
91314972,2020,2020-09-30,9455,2020-09-26,0100,021295,,6,3,9,2200,0,3,5,,2,009,"OLD TOLL RD",SR-49,5280.00,W,N,A,-,N,,,,,,,,,,Y,2,0,1,1,A,-,08,22107,,N,F,A,A,A,H,-,D,D,0,,,Y,,Y,,C,02,1,0,0,0,0,0,0,0,1,"- ","- ",37.506301879882812,-120.06210327148438,MARIPOSA,UNINCORPORATED,-120.06178283691406,37.506637573242188
91321813,2020,2020-10-12,9455,2020-10-02,0150,021563,,5,3,9,2200,0,3,5,,2,009,"W. WHITLOCK RD","MOSHER RD",7920.00,S,N,A,-,N,,,,,,,,,,Y,4,0,1,1,A,-,03,22350,,N,F,A,A,A,H,-,D,D,0,,,,,Y,,A,07,0,0,1,0,0,0,0,0,0,"- ","- ",37.536209106445312,-120.01162719726562,MARIPOSA,UNINCORPORATED,-120.01119232177734,37.535724639892578
91337897,2020,2020-11-03,9455,2020-10-27,1945,018215,,2,2,9,2200,0,1,3,,1,001,SR-140,"OLD HWY",12144.00,W,N,A,-,Y,,,140,,,,,,,Y,3,0,1,1,A,-,08,22107,,N,F,A,A,A,H,-,D,D,0,,,,,Y,,A,01,0,1,0,0,0,0,0,0,0,"- ","- ",37.381061553955078,-120.16130828857422,MARIPOSA,UNINCORPORATED,-120.16121673583984,37.381000518798828
91340041,2020,2020-11-05,9455,2020-10-31,0230,019244,,6,3,9,2200,0,1,3,,1,003,"RT 140",BRICEBURG,15840.00,E,N,A,-,Y,,,140,,,,,,,Y,3,0,1,1,A,-,01,23152,A,N,F,A,A,A,H,-,D,D,0,,,,,Y,Y,D,22,0,1,0,0,0,0,0,0,0,"- ","- ",37.619598388671875,-119.95639801025391,MARIPOSA,UNINCORPORATED,-119.95630645751953,37.619544982910156
91341848,2020,2020-11-09,9455,2020-11-01,1400,019237,,7,2,9,2200,0,1,3,,1,003,"STATE HIGHWAY 140","BEAR CREEK",7920.00,E,N,A,-,Y,,,140,,,,,,,Y,2,0,1,1,A,-,08,22107,,N,F,A,A,A,H,-,A,D,0,,,Y,,Y,,C,02,1,0,0,0,0,0,0,0,1,"- ","- ",37.5989990234375,-119.95915985107422,MARIPOSA,UNINCORPORATED,-119.95906066894531,37.598976135253906
91347682,2020,2020-11-18,9425,2020-11-03,2120,017403,,2,2,9,2200,0,3,5,,1,005,"MERCED FALLS RD","CORONADO DR",33264.00,S,N,A,-,N,,,,,,,,,,Y,4,0,1,1,A,-,01,23152,F,N,F,A,A,A,H,-,D,D,0,,,,,Y,,A,01,0,0,1,0,0,0,0,0,0,"- ","- ",37.548000335693359,-120.32621002197266,MARIPOSA,UNINCORPORATED,-120.32618713378906,37.54791259765625
91347967,2020,2020-11-18,9425,2020-11-15,1036,017403,,7,1,9,2200,0,1,3,,1,054,SR-132,"HORSESHOE BEND",500.00,E,N,A,-,Y,,,132,,,,,,,Y,2,0,1,1,A,-,08,22107,,N,E,I,A,A,H,-,A,D,0,,,,,Y,,D,22,1,0,0,0,0,0,0,0,0,"- ","- ",37.705570220947266,-120.25006866455078,MARIPOSA,UNINCORPORATED,-120.25,37.705558776855469
91367825,2020,2020-12-15,9455,2020-12-14,0550,016876,,1,3,9,2200,0,3,5,,2,010,"DARRAH RD","COLE RD",820.00,E,N,A,-,N,,,,,,,,,,Y,4,0,1,1,A,-,08,22107,,N,E,I,A,B,H,-,D,D,0,,,,,Y,,A,07,0,0,1,0,0,0,0,0,0,"- ","- ",37.466400146484375,-119.88430023193359,MARIPOSA,UNINCORPORATED,-119.88431549072266,37.466480255126953
91371528,2020,2020-12-21,9455,2020-12-10,2000,018215,,4,2,9,2200,0,3,5,,2,010,"COLE RD","LA ROSA RD",76.00,S,N,A,-,N,,,,,,,,,,Y,3,0,1,1,A,-,08,22107,,N,E,I,A,A,H,-,D,D,0,,,,,Y,,D,22,0,1,0,0,0,0,0,0,0,"- ","- ",37.482219696044922,-119.88712310791016,MARIPOSA,UNINCORPORATED,-119.88701629638672,37.482269287109375
91399986,2021,2021-02-01,9455,2021-01-28,1450,019500,,4,2,9,2200,0,1,3,,1,001,SR-140,"OWENS DAM RD.",1056.00,E,N,C,-,Y,,,140,,,,,,,Y,4,0,1,1,A,-,08,22107,,N,E,I,A,B,H,-,A,D,0,,,,,Y,,A,01,0,0,1,0,0,0,0,0,0,"- ","- ",37.354240417480469,-120.19457244873047,MARIPOSA,UNINCORPORATED,-120.1944580078125,37.354129791259766
91412629,2021,2021-02-22,9455,2021-02-17,1050,016876,,3,1,9,2200,0,3,5,,2,009,"MT BULLION CUTOFF RD","ROAD 72A",667.00,W,N,A,-,N,,,,,,,,,,Y,3,0,3,1,A,-,08,22107,,N,F,A,A,A,H,-,A,D,0,,,,,Y,,A,01,0,3,0,0,0,0,0,0,0,"- ","- ",37.503501892089844,-120.04409790039062,MARIPOSA,UNINCORPORATED,-120.04407501220703,37.503585815429688
91418195,2021,2021-03-01,9455,2021-02-23,0620,021563,,2,1,9,2200,0,1,3,,1,004,SR-49,"MACREADY WAY",528.00,S,N,B,-,Y,,,49,,,,,,,Y,4,0,2,1,A,-,08,22107,,N,E,I,A,A,H,-,B,D,0,,,,,Y,,E,22,0,0,2,0,0,0,0,0,0,"- ","- ",37.508731842041016,-120.03378295898438,MARIPOSA,UNINCORPORATED,-120.03376770019531,37.508701324462891
91426376,2021,2021-03-12,9455,2021-03-08,1850,018215,,1,2,9,2200,0,3,5,,2,010,"OLD HWY","BURL DR.",528.00,W,N,A,-,N,,,,,,,,,,Y,3,0,1,1,A,-,08,22107,,N,E,I,A,A,H,-,D,D,0,,,,,Y,,D,22,0,1,0,0,0,0,0,0,0,"- ","- ",37.444580078125,-119.99089050292969,MARIPOSA,UNINCORPORATED,-119.98915863037109,37.445236206054688
91441167,2021,2021-04-05,9455,2021-03-24,2210,021295,,3,3,9,2200,0,3,5,,2,010,"OLD HIGHWAY RD","MORMON BAR XING",150.00,N,N,A,-,N,,,,,,,,,,Y,2,0,1,1,A,-,01,23152,A,N,E,I,A,A,H,-,D,D,0,,,,,Y,Y,D,22,1,0,0,0,0,0,0,0,0,"- ","- ",37.461200714111328,-119.95149993896484,MARIPOSA,UNINCORPORATED,-119.95259094238281,37.460918426513672
91445573,2021,2021-04-07,9455,2021-03-31,0220,020377,,3,3,9,2200,0,3,5,,2,009,"HORNITOS RD","SHOOTING STAR LN.",200.00,N,N,A,-,N,,,,,,,,,,Y,3,0,2,1,A,-,08,22107,,N,E,I,A,A,H,-,D,D,0,,,,,Y,,D,22,0,2,0,0,0,0,0,0,0,"- ","- ",37.473159790039062,-120.10649108886719,MARIPOSA,UNINCORPORATED,-120.105465,37.472132999999999
91454505,2021,2021-04-20,9425,2021-04-10,1215,016886,,6,1,9,2200,0,1,3,,1,053,SR-49,"CROWN LEAD ROAD",6336.00,S,N,A,-,Y,,,49,,,,,,,Y,2,0,1,1,A,-,08,22107,,N,E,I,A,A,H,-,A,D,0,,,Y,,Y,,C,02,1,0,0,0,0,0,0,0,1,"- ","- ",37.680309295654297,-120.17153930664062,MARIPOSA,UNINCORPORATED,-120.17153167724609,37.680309295654297
91469215,2021,2021-05-10,9425,2021-04-26,1413,017403,,1,2,9,2200,0,1,3,,1,053,SR-49,"SCHILLING RD",9504.00,N,N,A,-,Y,,,49,,,,,,,Y,2,0,2,2,A,-,05,21460,A,N,A,C,A,A,H,-,A,D,0,,,Y,,Y,,C,02,2,0,0,0,0,0,0,0,2,"- ","- ",37.677391052246094,-120.16123962402344,MARIPOSA,UNINCORPORATED,-120.16123962402344,37.677398681640625
91478287,2021,2021-05-27,9455,2021-05-18,0935,016876,,2,1,9,2200,0,1,3,,1,001,SR-140,"SCHOOL HOUSE RD",120.00,E,N,A,-,Y,,,140,,,,,,,Y,4,0,1,2,A,-,07,21658,A,N,B,2,A,A,H,-,A,D,0,,,,,Y,,A,07,0,0,1,0,0,0,0,0,0,"- ","- ",37.425800323486328,-120.10650634765625,MARIPOSA,UNINCORPORATED,-120.10636138916016,37.425647735595703
91482226,2021,2021-05-27,9425,2021-05-14,2025,016886,,5,2,9,2200,0,3,5,,1,005,"MERCED FALLS ROAD","CORONADO DRIVE",19008.00,S,N,A,-,N,,,,,,,,,,Y,3,0,3,2,A,-,05,21460,A,N,B,C,A,A,H,-,D,D,0,,,,,Y,Y,D,22,0,2,1,0,0,0,0,0,0,"- ","- ",37.578601837158203,-120.30726623535156,MARIPOSA,UNINCORPORATED,-120.30741882324219,37.577957153320312
91482451,2021,2021-05-27,9425,2021-05-23,1056,017403,,7,1,9,2200,0,1,3,,1,044,SR-132,"BONDS FLAT RD",270.00,E,N,A,-,Y,,,,,,,,,,Y,2,0,1,1,A,-,08,22107,,N,E,I,A,A,H,-,A,D,0,,,Y,,Y,,C,02,1,0,0,0,0,0,0,0,1,"- ","- ",37.679370880126953,-120.36100006103516,MARIPOSA,UNINCORPORATED,-120.36098480224609,37.679359436035156
91492285,2021,2021-06-08,9455,2021-06-01,1150,018088,,2,1,9,2200,0,1,3,,1,002,SR-140,"10TH ST",0.00,,Y,A,-,Y,,,140,,,,,,,Y,2,0,1,2,A,-,09,21801,A,N,A,C,A,A,H,-,A,D,0,,,Y,,Y,,A,08,1,0,0,0,0,0,0,0,1,"- ","- ",37.488319396972656,-119.96910095214844,MARIPOSA,UNINCORPORATED,-119.96903991699219,37.488380432128906
91512706,2021,2021-07-05,9455,2021-06-25,0530,021563,,5,3,9,2200,0,1,3,,1,001,"SR -140","OWENS CREEK RD.",11088.00,E,N,A,-,Y,,,140,,,,,,,Y,3,0,1,2,A,-,01,23152,A,N,A,C,A,A,H,-,B,A,0,,,,,Y,Y,A,07,0,1,0,0,0,0,0,0,0,"- ","- ",37.359970092773438,-120.17990112304688,MARIPOSA,UNINCORPORATED,-120.17988586425781,37.359939575195312
91522877,2021,2021-11-03,9455,2021-07-08,1155,016876,,4,1,9,2200,0,1,3,,1,004,SR-49,"JOE HOWARD ROAD",845.00,N,N,A,-,Y,,,49,,,,,,,N,4,0,1,5,A,-,08,22107,,N,C,C,A,A,H,-,A,D,0,,,Y,,Y,,A,08,0,0,1,0,0,0,0,0,1,"- ","- ",37.493698120117188,-119.97730255126953,MARIPOSA,UNINCORPORATED,-119.97730255126953,37.493698120117188
91558497,2021,2021-08-30,9455,2021-08-20,0445,021295,,5,3,9,2200,0,1,3,,1,004,SR-140,"BRICEBURG RD.",0.50,W,N,A,-,Y,,,140,,,,,,,Y,3,0,1,1,A,-,08,22107,,N,E,I,A,A,H,-,D,D,0,,,,,Y,,A,01,0,1,0,0,0,0,0,0,0,"- ","- ",37.599201202392578,-119.95919799804688,MARIPOSA,UNINCORPORATED,-119.95913696289062,37.599254608154297
91558724,2021,2021-08-30,9425,2021-08-28,1406,016886,,6,2,9,2200,0,1,3,,1,054,"STATE ROUTE 132","STATE ROUTE 49",9504.00,W,N,A,-,Y,,,132,,,,,,,Y,3,0,1,1,A,-,01,23152,A,N,E,I,A,A,H,-,A,D,0,,,,,Y,Y,A,01,0,1,0,0,0,0,0,0,0,"- ","- ",37.710239410400391,-120.22428894042969,MARIPOSA,UNINCORPORATED,-120.22426605224609,37.71014404296875
91561152,2021,2021-09-02,9455,2021-08-24,0950,016876,,2,1,9,2200,0,1,3,,1,005,SR-49,"STUMPFIELD MOUNTAIN RD",255.00,S,N,A,-,N,,,,,,,,,,Y,2,0,3,3,A,-,03,22350,,N,C,C,A,A,D,-,A,A,0,,,,Y,Y,,D,22,2,1,0,0,0,0,0,0,0,"- ","- ",37.452449798583984,-119.80478668212891,MARIPOSA,UNINCORPORATED,-119.80637359619141,37.45672607421875
91578048,2021,2021-09-23,9425,2021-09-20,1710,017403,,1,2,9,2200,0,3,5,,1,005,"HOLTZEL RD","GREELEY HILL RD",150.00,S,N,A,-,N,,,,,,,,,,Y,4,0,1,2,A,-,09,21804,A,N,D,D,A,A,H,-,A,D,0,,,Y,,Y,,A,01,0,0,1,0,0,0,0,0,1,"- ","- ",37.741031646728516,-120.13200378417969,MARIPOSA,UNINCORPORATED,-120.13202667236328,37.741046905517578