CASE_ID,ACCIDENT_YEAR,PROC_DATE,JURIS,COLLISION_DATE,COLLISION_TIME,OFFICER_ID,REPORTING_DISTRICT,DAY_OF_WEEK,CHP_SHIFT,POPULATION,CNTY_CITY_LOC,SPECIAL_COND,BEAT_TYPE,CHP_BEAT_TYPE,CITY_DIVISION_LAPD,CHP_BEAT_CLASS,BEAT_NUMBER,PRIMARY_RD,SECONDARY_RD,DISTANCE,DIRECTION,INTERSECTION,WEATHER_1,WEATHER_2,STATE_HWY_IND,CALTRANS_COUNTY,CALTRANS_DISTRICT,STATE_ROUTE,ROUTE_SUFFIX,POSTMILE_PREFIX,POSTMILE,LOCATION_TYPE,RAMP_INTERSECTION,SIDE_OF_HWY,TOW_AWAY,COLLISION_SEVERITY,NUMBER_KILLED,NUMBER_INJURED,PARTY_COUNT,PRIMARY_COLL_FACTOR,PCF_CODE_OF_VIOL,PCF_VIOL_CATEGORY,PCF_VIOLATION,PCF_VIOL_SUBSECTION,HIT_AND_RUN,TYPE_OF_COLLISION,MVIW,PED_ACTION,ROAD_SURFACE,ROAD_COND_1,ROAD_COND_2,LIGHTING,CONTROL_DEVICE,CHP_ROAD_TYPE,PEDESTRIAN_ACCIDENT,BICYCLE_ACCIDENT,MOTORCYCLE_ACCIDENT,TRUCK_ACCIDENT,NOT_PRIVATE_PROPERTY,ALCOHOL_INVOLVED,STWD_VEHTYPE_AT_FAULT,CHP_VEHTYPE_AT_FAULT,COUNT_SEVERE_INJ,COUNT_VISIBLE_INJ,COUNT_COMPLAINT_PAIN,COUNT_PED_KILLED,COUNT_PED_INJURED,COUNT_BICYCLIST_KILLED,COUNT_BICYCLIST_INJURED,COUNT_MC_KILLED,COUNT_MC_INJURED,PRIMARY_RAMP,SECONDARY_RAMP,LATITUDE,LONGITUDE,COUNTY,CITY,POINT_X,POINT_Y
91624890,2021,2021-11-15,9455,2021-11-04,2115,020377,,4,2,9,2200,0,1,3,,1,001,"STATE HIGHWAY 140","HUMMINGBIRD LANE",1584.00,W,N,A,-,Y,,,140,,,,,,,Y,4,0,1,1,A,-,21,22106,,N,E,I,A,A,H,-,D,B,0,,,,,Y,,A,08,0,0,1,0,0,0,0,0,0,"- ","- ",37.475761413574219,-120.05017852783203,MARIPOSA,UNINCORPORATED,-120.05022430419922,37.475959777832031
91638714,2021,2021-11-30,9455,2021-11-23,1305,016876,,2,1,9,2200,0,1,3,,1,005,SR-49,"TRIANGLE RD",0.00,,Y,A,-,Y,,,49,,,,,,,Y,2,0,3,2,A,-,01,23152,A,N,D,C,A,A,H,-,A,A,0,,,,,Y,Y,A,01,1,0,2,0,0,0,0,0,0,"- ","- ",37.461761474609375,-119.79393768310547,MARIPOSA,UNINCORPORATED,-119.79393768310547,37.461734771728516
91647656,2021,2021-12-09,9455,2021-12-02,1720,020377,,4,2,9,2200,0,1,3,,1,002,"STATE ROUTE 140","GROSJEAN ROAD",383.00,W,N,A,-,Y,,,140,,,,,,,N,3,0,1,1,A,-,01,23152,A,N,E,I,A,A,H,-,B,D,0,,,,,Y,Y,A,01,0,1,0,0,0,0,0,0,0,"- ","- ",37.509208679199219,-119.96420288085938,MARIPOSA,UNINCORPORATED,-119.96429443359375,37.509281158447266
91648871,2021,2021-12-10,9456,2021-12-09,0820,018970,,4,1,9,2200,0,1,3,,2,055,SR-41,"SUMMIT RD",600.00,N,N,D,-,Y,,,41,,,,,,,Y,2,0,1,2,A,-,03,22350,,N,C,C,A,C,H,-,A,D,0,,,,,Y,,A,07,1,0,0,0,0,0,0,0,0,"- ","- ",37.476070404052734,-119.63755035400391,MARIPOSA,UNINCORPORATED,-119.63764190673828,37.476116180419922
91661796,2021,2021-12-27,9455,2021-12-16,1110,016876,,4,1,9,2200,0,1,3,,1,003,SR-140,"HITES MINE RD",2112.00,W,N,B,-,Y,,,140,,,,,,,Y,3,0,4,1,A,-,08,22107,,N,E,I,A,B,H,-,A,D,0,,,,,Y,,A,08,0,3,1,0,0,0,0,0,0,"- ","- ",37.659469604492188,-119.85671997070312,MARIPOSA,UNINCORPORATED,-119.85671234130859,37.659420013427734
91678593,2022,2022-01-14,9455,2022-01-08,2015,019500,,6,2,9,2200,0,1,3,,1,002,SR-140,"BUFFALO GULCH RD.",7920.00,E,N,A,-,Y,MPA,,140,,,31.770,H,,R,Y,4,0,2,2,A,-,05,21460,A,N,B,C,A,A,H,-,D,D,0,,,,,Y,,A,01,0,0,2,0,0,0,0,0,0,"- ","- ",37.581569671630859,-119.95989990234375,MARIPOSA,UNINCORPORATED,-119.95989227294922,37.581573486328125
91691762,2022,2022-02-02,9425,2022-01-22,1547,016886,,6,2,9,2200,0,3,5,,1,005,"SMITH STATION ROAD","GREELEY HILL ROAD",1056.00,N,N,A,-,N,,,,,,,,,,Y,3,0,1,1,A,-,08,22107,,N,F,A,A,A,H,-,A,D,0,,,,,Y,,A,07,0,1,0,0,0,0,0,0,0,"- ","- ",37.754589080810547,-120.10318756103516,MARIPOSA,UNINCORPORATED,-120.10575866699219,37.753879547119141
91695814,2022,2022-02-08,9455,2022-02-03,0815,016876,,4,1,9,2200,0,1,3,,1,003,SR-140,"FORESTA RD",3907.00,E,N,A,-,Y,MPA,,140,,,48.863,H,,R,N,3,0,1,1,A,-,08,22107,,N,E,I,A,C,H,-,A,D,0,,,,,Y,,A,01,0,1,0,0,0,0,0,0,0,"- ","- ",37.665809631347656,-119.80597686767578,MARIPOSA,UNINCORPORATED,-119.80585479736328,37.665733337402344
91697126,2022,2022-02-09,9455,2022-02-01,1740,018939,,2,2,9,2200,0,1,3,,1,001,SR-140,"OLD HIGHWAY",15840.00,W,N,A,-,Y,MPA,,140,,,4.007,H,,R,Y,2,0,1,1,A,-,08,22107,,N,E,I,A,A,H,-,D,D,0,,,Y,,Y,,C,02,1,0,0,0,0,0,0,0,1,"- ","- ",37.376750946044922,-120.16787719726562,MARIPOSA,UNINCORPORATED,-120.16786956787109,37.376747131347656
91702378,2022,2022-02-16,9455,2022-02-05,1905,018939,,6,2,9,2200,0,1,3,,1,001,"RT 140","MOUNT BULLION CUT OFF RD",2112.00,W,N,A,-,Y,MPA,,140,,,13.423,H,,R,Y,2,0,1,2,A,-,05,21460,A,N,A,C,A,A,H,-,D,D,0,,,,,Y,,A,07,1,0,0,0,0,0,0,0,0,"- ","- ",37.476188659667969,-120.07347106933594,MARIPOSA,UNINCORPORATED,-120.07347106933594,37.476188659667969
91715553,2022,2022-03-04,9455,2022-02-24,1730,019500,,4,2,9,2200,0,1,3,,1,004,SR-49,"MYKLEOAKS RD.",5280.00,N,N,A,-,Y,MPA,,49,,,21.488,H,,R,Y,3,0,1,1,A,-,08,22107,,M,E,8,A,A,H,-,D,D,0,,,,,Y,,D,22,0,1,0,0,0,0,0,0,0,"- ","- ",37.508029937744141,-120.02021789550781,MARIPOSA,UNINCORPORATED,-120.02019500732422,37.508155822753906
91716469,2022,2022-03-07,9455,2022-02-26,1125,019500,,6,1,9,2200,0,3,5,,2,010,"BEN HUR RD.","BEACH RD.",200.00,W,N,A,-,N,,,,,,,,,,Y,4,0,1,2,A,-,03,22350,,N,C,C,A,A,H,-,A,D,0,,,Y,,Y,,C,02,0,0,1,0,0,0,0,0,1,"- ","- ",37.37261962890625,-119.96724700927734,MARIPOSA,UNINCORPORATED,-119.96808624267578,37.369686126708984
91724197,2022,2022-03-16,9455,2022-03-09,0920,016876,,3,1,9,2200,0,1,3,,1,005,SR-49,"WATT ROAD EXTENSION",1000.00,N,N,A,-,Y,MPA,,49,,,4.455,H,,R,Y,3,0,1,1,A,-,08,22107,,N,E,I,A,A,H,-,A,D,0,,,,,Y,,A,07,0,1,0,0,0,0,0,0,0,"- ","- ",37.455268859863281,-119.77091217041016,MARIPOSA,UNINCORPORATED,-119.77094268798828,37.455226898193359
91743150,2022,2022-05-10,9455,2022-03-26,1550,021563,,6,2,9,2200,0,3,5,,2,009,"USONA RD","USONA RIDGE RD",50.00,S,N,A,-,N,,,,,,,,,,Y,2,0,1,1,A,-,01,23152,A,N,F,A,A,A,H,-,A,D,0,,,,,Y,Y,A,01,1,0,0,0,0,0,0,0,0,"- ","- ",37.430530548095703,-119.82489013671875,MARIPOSA,UNINCORPORATED,-119.82742309570312,37.433830261230469
91745129,2022,2022-04-11,9455,2022-04-03,0045,019237,,7,3,9,2200,0,1,3,,1,001,"W. WHITLOCK ROAD","BLUE OAK RIDGE",440.00,E,N,A,-,N,,,,,,,,,,Y,4,0,1,1,A,-,01,23152,A,N,F,A,A,A,H,-,D,D,0,,,,,Y,Y,A,07,0,0,1,0,0,0,0,0,0,"- ","- ",37.514541625976562,-120.00437927246094,MARIPOSA,UNINCORPORATED,-120.00259399414062,37.513206481933594
91757951,2022,2022-04-27,9455,2022-04-20,1820,018869,,3,2,9,2200,0,3,5,,2,010,"ALLRED ROAD","MORNING STAR LANE",4224.00,S,N,A,-,N,,,,,,,,,,N,2,0,2,2,A,-,05,21650,,N,A,C,A,A,H,-,A,D,0,,,Y,,Y,,C,02,1,1,0,0,0,0,0,0,2,"- ","- ",37.478199005126953,-119.92381286621094,MARIPOSA,UNINCORPORATED,-119.92391204833984,37.47784423828125
91763052,2022,2022-05-03,9455,2022-04-24,1935,018939,,7,2,9,2200,0,1,3,,1,005,SR-49,"3RD ST",2640.00,S,N,A,-,Y,MPA,,49,,,17.923,H,,R,N,3,0,1,2,A,-,03,22350,,N,C,C,A,A,H,-,B,D,0,,,Y,,Y,,C,02,0,1,0,0,0,0,0,0,1,"- ","- ",37.476631164550781,-119.9581298828125,MARIPOSA,UNINCORPORATED,-119.95807647705078,37.476638793945312
91781415,2022,2022-05-26,9455,2022-05-14,1520,020377,,6,2,9,2200,0,1,3,,1,002,"STATE ROUTE 140","STATE ROUTE 49S",0.00,,Y,A,-,Y,MPA,,140,,,21.222,H,,R,Y,4,0,1,2,A,-,09,21802,A,N,D,C,A,A,H,-,A,A,0,,,,,Y,,A,07,0,0,1,0,0,0,0,0,0,"- ","- ",37.483139038085938,-119.96376800537109,MARIPOSA,UNINCORPORATED,-119.96379089355469,37.483127593994141
91787169,2022,2022-06-02,9455,2022-05-26,1135,016876,,4,1,9,2200,0,3,5,,2,010,"DARRAH RD","OWL CREEK RD",1056.00,W,N,A,-,N,,,,,,,,,,Y,4,0,1,1,A,-,08,22107,,N,E,I,A,A,D,-,A,A,0,,,,,Y,,A,07,0,0,1,0,0,0,0,0,0,"- ","- ",37.470741271972656,-119.87921142578125,MARIPOSA,UNINCORPORATED,-119.87905120849609,37.470802307128906
91824081,2022,2022-07-25,9425,2022-07-22,0845,016886,,5,1,9,2200,0,3,5,,1,005,"GREELEY HILL ROAD","RED CLOUD MINE ROAD",1320.00,E,N,A,-,N,,,,,,,,,,N,4,0,2,1,A,-,08,22107,,N,E,I,A,A,H,-,A,D,0,,,,,Y,,A,01,0,0,2,0,0,0,0,0,0,"- ","- ",37.751838684082031,-120.11740112304688,MARIPOSA,UNINCORPORATED,-120.11747741699219,37.752056121826172
91825381,2022,2022-07-26,9455,2022-07-24,1115,018869,,7,1,9,2200,0,1,3,,1,001,SR140,"YAQUI GULCH RD.",100.00,W,N,A,-,Y,MPA,,140,,,17.121,H,,R,N,2,0,1,1,A,-,21,22106,,N,F,A,A,A,H,-,A,D,0,,,Y,,Y,,C,02,1,0,0,0,0,0,0,0,1,"- ","- ",37.48046875,-120.01188659667969,MARIPOSA,UNINCORPORATED,-120.01186370849609,37.480438232421875
91838418,2022,2022-08-11,9455,2022-07-21,0230,020123,,4,3,9,2200,0,1,3,,1,004,SR-49,"BAGBY BRIDGE",2640.00,S,N,A,-,N,,,,,,,,,,Y,2,0,1,1,A,-,08,22107,,N,E,J,A,A,H,-,D,D,0,,,,,Y,,-,"- ",1,0,0,0,0,0,0,0,0,"- ","- ",37.604129791259766,-120.13391876220703,MARIPOSA,UNINCORPORATED,-120.1339111328125,37.604133605957031
91863100,2022,2022-09-13,9455,2022-09-03,1930,020123,,6,2,9,2200,0,3,5,,2,010,"DARRAH ROAD","PEREGRINE COURT",5.00,N,N,B,-,N,,,,,,,,,,Y,3,0,1,1,A,-,01,23152,A,N,F,A,A,A,H,-,B,D,0,,,,,Y,Y,A,07,0,1,0,0,0,0,0,0,0,"- ","- ",37.472381591796875,-119.87481689453125,MARIPOSA,UNINCORPORATED,,
91882060,2022,2022-10-04,9455,2022-09-23,1753,018939,,5,2,9,2200,0,1,3,,1,004,"SR 49","MT. OPHIR RD",528.00,N,N,A,-,Y,MPA,,49,,,24.421,H,,R,N,3,0,1,1,A,-,08,22107,,N,F,A,A,A,H,-,A,D,0,,,Y,,Y,,C,02,0,1,0,0,0,0,0,0,1,"- ","- ",37.515178680419922,-120.06709289550781,MARIPOSA,UNINCORPORATED,-120.06706237792969,37.515228271484375
91882063,2022,2022-10-04,9455,2022-09-24,1525,020377,,6,2,9,2200,0,1,3,,1,005,"STATE ROUTE 49","USONA ROAD",1056.00,S,N,A,-,Y,MPA,,49,,,7.696,H,,R,Y,4,0,2,2,A,-,05,21460,A,N,A,C,A,A,H,-,A,D,0,,,,,Y,,D,22,0,0,2,0,0,0,0,0,0,"- ","- ",37.452411651611328,-119.81976318359375,MARIPOSA,UNINCORPORATED,-119.81980133056641,37.452468872070312
91885102,2022,2022-10-07,9455,2022-09-27,1950,018869,,2,2,9,2200,0,1,3,,1,001,SR140,"HORNITOS RD",250.00,W,N,A,-,Y,MPA,,140,,,9.475,H,,R,N,3,0,1,1,A,-,01,23152,A,N,E,I,A,A,H,-,D,D,0,,,,,Y,Y,D,22,0,1,0,0,0,0,0,0,0,"- ","- ",37.431781768798828,-120.09883880615234,MARIPOSA,UNINCORPORATED,-120.09882354736328,37.431766510009766
91901128,2022,2022-10-27,9425,2022-10-15,1220,016886,,6,1,9,2200,0,3,5,,1,005,"GREELEY HILL ROAD","OLD GREELEY HILL ROAD WEST",2112.00,W,N,A,-,N,,,,,,,,,,N,3,0,1,1,A,-,08,22107,,N,F,A,A,A,H,-,A,D,0,,,Y,,Y,,C,02,0,1,0,0,0,0,0,0,1,"- ","- ",37.737251281738281,-120.17133331298828,MARIPOSA,UNINCORPORATED,-120.17125701904297,37.737255096435547
91937813,2022,2022-12-08,9425,2022-11-26,1500,020575,,6,2,9,2200,0,1,3,,1,053,SR-49,"MPM MPA 42.50",96.00,N,N,A,-,Y,MPA,,49,,,36.166,H,,R,Y,4,0,1,1,A,-,08,22107,,N,F,A,A,A,H,-,A,D,0,,,Y,,Y,,-,"- ",0,0,1,0,0,0,0,0,1,"- ","- ",37.628421783447266,-120.15052795410156,MARIPOSA,UNINCORPORATED,-120.15056610107422,37.628463745117188
92013537,2023,2023-03-09,9455,2023-02-27,"830 ",016876,,1,1,9,2200,0,3,5,,2,010,"DARRAH RD","PINECREST DR",1584.00,W,N,D,-,N,,,,,,,,,,Y,3,0,1,1,A,-,03,22350,,N,E,I,A,C,H,-,A,D,0,,,,,Y,,A,07,0,1,0,0,0,0,0,0,0,"- ","- ",37.513648986816406,-119.84139251708984,MARIPOSA,UNINCORPORATED,-119.84569549560547,37.505916595458984
92021386,2023,2023-03-17,9455,2023-03-15,"900 ",016876,,3,1,9,2200,0,3,5,,2,010,"BUCKEYE RD","BURL RD",1584.00,N,N,A,-,N,,,,,,,,,,Y,4,0,1,1,A,-,03,22350,,N,E,I,A,A,H,-,A,D,0,,,,,Y,,D,23,0,0,1,0,0,0,0,0,0,"- ","- ",37.434249877929688,-119.98426055908203,MARIPOSA,UNINCORPORATED,-119.98420715332031,37.434738159179688
92036877,2023,2023-04-04,9455,2023-04-03,"845 ",019244,,1,1,9,2200,0,3,5,,2,009,"BEAR VALLEY RD","HUNTERS VALLEY RD",500.00,W,N,B,-,N,,,,,,,,,,Y,4,0,1,1,A,-,08,22107,,N,E,I,A,A,H,-,A,D,0,,,,,Y,,D,22,0,0,1,0,0,0,0,0,0,"- ","- ",37.564338684082031,-120.17092895507812,MARIPOSA,UNINCORPORATED,-120.17075347900391,37.563739776611328
92040896,2023,2023-04-10,9455,2023-04-08,1625,020123,,6,2,9,2200,0,1,3,,1,002,SR-140,"SMITH ROAD",0.00,,Y,A,-,Y,MPA,,140," "," ",22.294,H,,R,N,4,0,1,2,A,-,03,22350,,N,C,C,A,A,H,-,A,D,0,,,,,Y,,A,07,0,0,1,0,0,0,0,0,0,"- ","- ",37.496109008789062,-119.97335815429688,MARIPOSA,UNINCORPORATED,-119.97338104248047,37.496116638183594
92050759,2023,2023-04-21,9425,2023-04-14,1545,016886,,5,2,9,2200,0,3,5,,1,005,"GREELEY HILL ROAD","PRIEST COULTERVILLE ROAD",8976.00,E,N,A,-,N,,,,,,,,,,Y,3,0,1,1,A,-,08,22107,,N,F,A,A,A,B,-,A,D,0,,,Y,,Y,,C,02,0,1,0,0,0,0,0,0,1,"- ","- ",37.739051818847656,-120.17270660400391,MARIPOSA,UNINCORPORATED,-120.18682098388672,37.735149383544922
92053896,2023,2023-04-26,9455,2023-04-18,1325,016876,,2,1,9,2200,0,1,3,,1,005,SR-49,"CHOWCHILLA MOUNTAIN RD",0.00,,Y,B,-,Y,MPA,,49," "," ",5.155,H,,R,Y,3,0,2,2,A,-,12,22450,A,N,D,C,A,A,H,-,A,A,0,,,,,Y,,D,22,0,2,0,0,0,0,0,0,0,"- ","- ",37.462970733642578,-119.77742767333984,MARIPOSA,UNINCORPORATED,-119.77742767333984,37.462970733642578
92065681,2023,2023-05-10,9455,2023-04-28,1600,018939,,5,2,9,2200,0,3,5,,2,009,"COUNTY PARK ROAD","STROMING ROAD",1056.00,E,N,A,-,N,,,,,,,,,,N,3,0,1,2,A,-,05,21460,A,M,B,B,E,A,H,-,A,D,0,Y,,,,Y,,A,01,0,1,0,0,1,0,0,0,0,"- ","- ",37.482658386230469,-119.96640014648438,MARIPOSA,UNINCORPORATED,-119.96705627441406,37.484958648681641
92074448,2023,2023-05-22,9455,2023-05-12,1258,019500,,5,1,9,2200,0,1,3,,1,005,"SR-49 SOUTH","DARRAH RD.",1056.00,S,N,A,-,Y,MPA,,49," "," ",11.875,H,,R,Y,2,0,3,2,A,-,09,21804,A,N,D,C,A,A,H,-,A,D,0,,,,,Y,,A,01,2,0,1,0,0,0,0,0,0,"- ","- ",37.463199615478516,-119.88387298583984,MARIPOSA,UNINCORPORATED,-119.88387298583984,37.463199615478516
92083466,2023,2023-06-01,9425,2023-05-19,1535,017822,,5,2,9,2200,0,1,3,,1,053,"STATE ROUTE 49","CROWN LEAD ROAD",2640.00,S,N,A,-,Y,MPA,,49," "," ",42.509,H,,R,N,3,0,1,1,A,-,08,22107,,N,F,0,A,A,H,-,A,D,0,,,Y,,Y,,C,02,0,1,0,0,0,0,0,0,1,"- ","- ",37.685909271240234,-120.17704010009766,MARIPOSA,UNINCORPORATED,-120.17703247070312,37.685920715332031
92090423,2023,2023-06-09,9425,2023-06-01,"729 ",016886,,4,1,9,2200,0,1,3,,1,054,"STATE ROUTE 132","GRANITE SPRINGS ROAD EAST",3696.00,E,N,A,-,Y,MPA,,132," ",R,11.298,H,,R,Y,3,0,1,1,A,-,08,22107,,N,E,8,A,A,H,-,A,D,0,,,,,Y,,A,01,0,1,0,0,0,0,0,0,0,"- ","- ",37.701770782470703,-120.27677917480469,MARIPOSA,UNINCORPORATED,-120.27678680419922,37.701744079589844
92092847,2023,2023-06-13,9455,2023-06-07,1605,016876,,3,2,9,2200,0,1,3,,1,003,SR-140,"BUFFALO GULCH RD",2640.00,E,N,B,-,Y,MPA,,140," "," ",32.258,H,,R,Y,2,0,1,2,A,-,08,22107,,N,B,C,A,A,H,-,A,D,0,,,Y,,Y,,C,02,1,0,0,0,0,0,0,0,1,"- ","- ",37.586849212646484,-119.96450042724609,MARIPOSA,UNINCORPORATED,-119.96444702148438,37.586826324462891
92122341,2023,2023-07-20,9455,2023-07-09,1607,018939,,7,2,9,2200,0,1,3,,1,001,"RT 140","MCCORRY RD",4224.00,E,N,A,-,Y,MPA,,140," "," ",0.793,H,,R,Y,2,0,2,2,A,-,05,21460,C,N,A,C,A,A,H,-,A,D,0,,,,,Y,,-,"- ",1,0,1,0,0,0,0,0,0,"- ","- ",37.347709655761719,-120.20821380615234,MARIPOSA,UNINCORPORATED,-120.20821380615234,37.347713470458984
92140871,2023,2023-08-10,9425,2023-08-09,"930 ",016886,,3,1,9,2200,0,3,5,,1,005,"GREELEY HILL ROAD","PARK CIRCLE DRIVE EAST",240.00,W,N,A,-,N,,,,,,,,,,Y,3,0,1,1,A,-,08,22107,,N,E,I,A,A,H,-,A,D,0,,,,,Y,,D,22,0,1,0,0,0,0,0,0,0,"- ","- ",37.749568939208984,-120.12667083740234,MARIPOSA,UNINCORPORATED,-120.12774658203125,37.748443603515625
92152611,2023,2023-08-24,9455,2023-08-16,1610,018939,,3,2,9,2200,0,3,5,,2,010,"CARLETON RD","SILVA RD",122.00,N,N,B,-,N,,,,,,,,,,Y,4,0,1,2,A,-,08,22107,,N,B,C,A,A,H,-,A,D,0,,,,,Y,,A,01,0,0,1,0,0,0,0,0,0,"- ","- ",37.475631713867188,-119.89975738525391,MARIPOSA,UNINCORPORATED,-119.89971923828125,37.4755859375
92157672,2023,2023-08-29,9455,2023-08-21,"645 ",016876,,1,1,9,2200,0,1,3,,1,003,SR-140,"FERGUSON BRIDGE DETOUR",1584.00,E,N,B,-,Y,,,,,,,,,,Y,3,0,1,1,A,-,03,22350,,N,E,I,A,B,H,-,A,D,0,,,,,Y,,D,22,0,1,0,0,0,0,0,0,0,"- ","- ",37.655750274658203,-119.89730072021484,MARIPOSA,UNINCORPORATED,-119.8970947265625,37.655082702636719
92201386,2023,2023-10-17,9455,2023-10-10,"650 ",020097,,2,1,9,2200,0,1,3,,1,005,SR-49,"PEAK VIEW ROAD",1584.00,S,N,B,-,Y,MPA,,49," "," ",7.397,H,,R,N,3,0,2,1,C,-,18,,,N,H,H,A,A,H,-,B,D,0,,,,,Y,,-,"- ",0,2,0,0,0,0,0,0,0,"- ","- ",37.455051422119141,-119.81546020507812,MARIPOSA,UNINCORPORATED,-119.8154296875,37.454994201660156
92209212,2023,2023-10-26,9455,2023-10-15,"355 ",021944,,7,3,9,2200,0,3,5,,2,010,"INDIAN PEAK RD","SABASTOPOL ROAD",6336.00,S,N,A,-,N,,,,,,,,,,Y,3,0,2,1,A,-,01,23152,A,N,E,I,A,A,H,-,D,D,0,,,,,Y,Y,D,22,0,2,0,0,0,0,0,0,0,"- ","- ",37.441730499267578,-119.89424896240234,MARIPOSA,UNINCORPORATED,-119.89498901367188,37.443450927734375
92221818,2023,2023-10-27,9455,2023-10-19,1455,020377,,4,2,9,2200,0,3,5,,2,010,"DARRAH ROAD","COLE ROAD",1584.00,E,N,A,-,N,,,,,,,,,,N,4,0,2,1,A,-,08,22107,,N,E,I,A,A,H,-,A,D,0,,,,,Y,,A,01,0,0,2,0,0,0,0,0,0,"- ","- ",37.467361450195312,-119.88263702392578,MARIPOSA,UNINCORPORATED,-119.88233947753906,37.467796325683594
92241738,2023,2023-11-21,9455,2023-11-16,"730 ",022213,,4,1,9,2200,0,1,3,,1,005,SR-49,"VARAIN ROAD",200.00,S,N,B,-,Y,MPA,,49," "," ",15.426,H,,R,N,4,0,1,2,A,-,03,22350,,N,C,C,A,B,H,-,A,D,0,,,,,Y,,A,01,0,0,1,0,0,0,0,0,0,"- ","- ",37.460109710693359,-119.94270324707031,MARIPOSA,UNINCORPORATED,-119.94271087646484,37.460075378417969
92272568,2023,2023-12-27,9425,2023-12-23,1123,016886,,6,1,9,2200,0,3,5,,1,005,"CUNEO ROAD","STONECREST DRIVE",45.00,S,N,B,-,N,,,,,,,,,,N,3,0,1,1,A,-,08,22107,,N,E,I,A,A,H,-,A,D,0,,,,,Y,,A,07,0,1,0,0,0,0,0,0,0,"- ","- ",37.776348114013672,-120.18517303466797,MARIPOSA,UNINCORPORATED,-120.18502044677734,37.776363372802734
92274220,2023,2023-12-28,9425,2023-12-20,1908,018821,,3,2,9,2200,0,3,5,,1,005,"GREELY HILL RD.","OLD GREELY HILL RD.",0.00,,Y,C,E,N,,,,,,,,,,N,4,0,1,1,A,-,03,22350,,N,E,I,A,B,H,-,D,D,0,,,,,Y,,D,22,0,0,1,0,0,0,0,0,0,"- ","- ",37.733558654785156,-120.16586303710938,MARIPOSA,UNINCORPORATED,-120.16600036621094,37.733642578125
92287821,2024,2024-01-16,9455,2024-01-11,"943 ",019500,,4,1,9,2200,0,1,3,,1,005,SR-49,"WORMAN RD",500.00,S,N,A,-,Y,MPA,,49," "," ",0.665,H,,R,Y,4,0,2,2,A,-,03,22350,,N,D,C,A,C,H,-,A,D,0,,,,,Y,,D,22,0,0,2,0,0,0,0,0,0,"- ","- ",37.420459747314453,-119.72625732421875,MARIPOSA,UNINCORPORATED,-119.72624969482422,37.420452117919922
92296291,2024,2024-01-24,9455,2024-01-22,1100,016876,,1,1,9,2200,0,1,3,,1,004,SR-49,"MACREADY RD",90.00,N,N,C,-,Y,MPA,,49," "," ",22.568,H,,R,Y,4,0,1,1,A,-,03,22350,,N,F,A,A,B,H,-,A,D,0,,,,,Y,,A,07,0,0,1,0,0,0,0,0,0,"- ","- ",37.507640838623047,-120.0369873046875,MARIPOSA,UNINCORPORATED,-120.03704833984375,37.507694244384766
92306852,2024,2024-02-06,9455,2024-01-27,1920,022213,,6,2,9,2200,0,1,3,,1,003,SR-140,"HITES MINE RD",14256.00,W,N,A,-,Y,,,,,,,,,,Y,3,0,3,1,A,-,08,22107,,N,E,8,A,A,H,-,D,A,0,,,,,Y,,A,07,0,1,2,0,0,0,0,0,0,"- ","- ",37.655941009521484,-119.89746856689453,MARIPOSA,UNINCORPORATED,,
92308295,2024,2024-02-07,9455,2024-02-01,1705,022213,,4,2,9,2200,0,1,3,,1,001,SR-140,"OLD HWY N",250.00,W,N,B,C,Y,MPA,,140," "," ",22.820,H,,R,Y,4,0,1,1,A,-,08,22107,,N,F,A,A,B,H,-,A,D,0,,,,,Y,,D,22,0,0,1,0,0,0,0,0,0,"- ","- ",37.500850677490234,-119.96926879882812,MARIPOSA,UNINCORPORATED,-119.96936798095703,37.501045227050781
92308329,2024,2024-02-07,9455,2024-02-02,1858,020377,,5,2,9,2200,0,1,3,,1,005,"STATE ROUTE 49S","MCNALLY RD.",1584.00,N,N,B,-,Y,MPA,,49," "," ",11.566,H,,R,N,3,0,1,1,A,-,08,22107,,N,F,A,A,B,H,-,D,D,0,,,,,Y,,A,01,0,1,0,0,0,0,0,0,0,"- ","- ",37.460880279541016,-119.87922668457031,MARIPOSA,UNINCORPORATED,-119.87934875488281,37.460762023925781