CASE_ID,ACCIDENT_YEAR,PROC_DATE,JURIS,COLLISION_DATE,COLLISION_TIME,OFFICER_ID,REPORTING_DISTRICT,DAY_OF_WEEK,CHP_SHIFT,POPULATION,CNTY_CITY_LOC,SPECIAL_COND,BEAT_TYPE,CHP_BEAT_TYPE,CITY_DIVISION_LAPD,CHP_BEAT_CLASS,BEAT_NUMBER,PRIMARY_RD,SECONDARY_RD,DISTANCE,DIRECTION,INTERSECTION,WEATHER_1,WEATHER_2,STATE_HWY_IND,CALTRANS_COUNTY,CALTRANS_DISTRICT,STATE_ROUTE,ROUTE_SUFFIX,POSTMILE_PREFIX,POSTMILE,LOCATION_TYPE,RAMP_INTERSECTION,SIDE_OF_HWY,TOW_AWAY,COLLISION_SEVERITY,NUMBER_KILLED,NUMBER_INJURED,PARTY_COUNT,PRIMARY_COLL_FACTOR,PCF_CODE_OF_VIOL,PCF_VIOL_CATEGORY,PCF_VIOLATION,PCF_VIOL_SUBSECTION,HIT_AND_RUN,TYPE_OF_COLLISION,MVIW,PED_ACTION,ROAD_SURFACE,ROAD_COND_1,ROAD_COND_2,LIGHTING,CONTROL_DEVICE,CHP_ROAD_TYPE,PEDESTRIAN_ACCIDENT,BICYCLE_ACCIDENT,MOTORCYCLE_ACCIDENT,TRUCK_ACCIDENT,NOT_PRIVATE_PROPERTY,ALCOHOL_INVOLVED,STWD_VEHTYPE_AT_FAULT,CHP_VEHTYPE_AT_FAULT,COUNT_SEVERE_INJ,COUNT_VISIBLE_INJ,COUNT_COMPLAINT_PAIN,COUNT_PED_KILLED,COUNT_PED_INJURED,COUNT_BICYCLIST_KILLED,COUNT_BICYCLIST_INJURED,COUNT_MC_KILLED,COUNT_MC_INJURED,PRIMARY_RAMP,SECONDARY_RAMP,LATITUDE,LONGITUDE,COUNTY,CITY,POINT_X,POINT_Y
90078940,2015,2015-12-21,9455,2015-12-14,1127,018920,,1,1,9,2200,0,3,5,,2,010,"TRIANGLE RD","TRIANGLE PARK RD",1056.00,W,N,A,-,N,,,,,,,,,,Y,3,0,1,1,A,-,08,22107,,N,E,I,A,A,H,-,A,D,0,,,,,Y,,A,08,0,1,0,0,0,0,0,0,0,"- ","- ",37.491840000000003,-119.81219,MARIPOSA,UNINCORPORATED,-119.81195,37.489429999999999
90083869,2015,2015-12-29,9455,2015-12-24,1730,019237,,4,2,9,2200,0,3,5,,2,010,"TRIANGLE ROAD","DARRAH ROAD",20.00,W,N,B,D,N,,,,,,,,,,Y,4,0,1,1,A,-,03,22350,,N,E,I,A,C,H,-,D,D,0,,,,,Y,,D,22,0,0,1,0,0,0,0,0,0,"- ","- ",37.516489999999997,-119.83531000000001,MARIPOSA,UNINCORPORATED,-119.83524559999999,37.516502430000003
90089632,2015,2016-01-06,9455,2015-12-31,1145,018215,,4,1,9,2200,0,1,3,,1,002,SR-140,"BEAR CREEK BRIDGE 40-04",400.00,E,N,A,-,Y,,,,,,,,,,Y,3,0,1,1,A,-,03,22350,,N,F,A,A,C,B,-,A,D,0,,,,,Y,,A,07,0,1,0,0,0,0,0,0,0,"- ","- ",,,MARIPOSA,UNINCORPORATED,,
90090778,2016,2016-01-07,9455,2016-01-02,1730,019237,,6,2,9,2200,0,1,3,,1,004,"STATE HIGHWAY 49","PINETREE ROAD",1584.00,N,N,A,-,Y,,,,,,,,,,Y,3,0,2,1,A,-,03,22350,,N,E,I,A,A,H,-,D,D,0,,,,,Y,,A,01,0,1,1,0,0,0,0,0,0,"- ","- ",37.598959999999998,-119.12876,MARIPOSA,UNINCORPORATED,-120.12916187,37.599771799999999
90092414,2016,2016-01-11,9456,2016-01-06,1200,018052,,3,1,9,2200,0,1,3,,2,055,SR-41,"JACKSON RD",5280.00,S,N,D,-,Y,,,41,,,,,,,Y,4,0,1,1,C,-,18,,,N,E,J,A,C,H,-,A,D,0,,,,,Y,,-,"- ",0,0,1,0,0,0,0,0,0,"- ","- ",37.468170000000001,-119.64496,MARIPOSA,UNINCORPORATED,-119.64512053,37.468183959999998
90104996,2016,2016-01-28,9455,2016-01-20,1505,019237,,3,2,9,2200,0,1,3,,1,005,"STATE HIGHWAY 49","DARRAH ROAD",2640.00,S,N,A,-,Y,,,,,,,,,,Y,4,0,1,1,C,-,18,,,N,E,I,A,A,H,-,A,D,0,,,,,Y,,-,"- ",0,0,1,0,0,0,0,0,0,"- ","- ",37.397359999999999,-119.29277,MARIPOSA,UNINCORPORATED,-119.88863000000001,37.463880000000003
90108771,2016,2016-02-03,9425,2016-01-30,0850,016886,,6,1,9,2200,0,1,3,,1,054,SR-132,"MARY HARRISON MINE ROAD",9504.00,W,N,B,C,Y,,,132,,,,,,,Y,3,0,1,1,A,-,03,22350,,N,E,I,A,B,H,-,A,D,0,,,,,Y,,A,07,0,1,0,0,0,0,0,0,0,"- ","- ",37.710120000000003,-120.22435,MARIPOSA,UNINCORPORATED,-120.22435170999999,37.710127849999999
90132873,2016,2016-03-09,9425,2016-02-27,1005,017461,,6,1,9,2200,0,3,5,,1,005,"BULL CREEK RD","MOORE CREEK",5280.00,E,N,A,-,N,,,,,,,,,,Y,2,0,3,1,A,-,08,22107,,N,E,I,A,A,H,-,A,D,0,,,,,Y,,D,22,2,0,1,0,0,0,0,0,0,"- ","- ",,,MARIPOSA,UNINCORPORATED,,
90138686,2016,2016-03-17,9455,2016-03-12,0240,019417,,6,3,9,2200,0,3,5,,2,010,"OLD HIGHWAY RD","GANNS CORRAL RD",12144.00,W,N,B,C,Y,,,,,,,,,,Y,4,0,1,1,A,-,01,23152,A,N,E,I,A,B,H,-,D,D,0,,,,,Y,Y,E,22,0,0,1,0,0,0,0,0,0,"- ","- ",37.457320000000003,-119.9695,MARIPOSA,UNINCORPORATED,,
90139695,2016,2016-03-18,9455,2016-03-12,1330,020097,,6,1,9,2200,0,3,5,,2,010,"CARSTENS RD",SR-140,2640.00,S,N,B,-,N,,,,,,,,,,Y,3,0,1,1,A,-,08,22107,,N,F,A,A,B,H,-,A,D,0,,,,,Y,,A,07,0,1,0,0,0,0,0,0,0,"- ","- ",37.324950000000001,-119.54577999999999,MARIPOSA,UNINCORPORATED,-119.92346000000001,37.550890000000003
90167545,2016,2016-04-28,9455,2016-04-14,1010,016876,,4,1,9,2200,0,1,3,,1,002,SR-140,"BEAR CREEK BRIDGE 40-04",792.00,W,N,B,C,Y,,,140,,,,,,,N,4,0,1,1,A,-,03,22350,,N,F,A,A,B,H,-,A,D,0,,,Y,,Y,,C,02,0,0,1,0,0,0,0,0,1,"- ","- ",37.578069999999997,-119.95388,MARIPOSA,UNINCORPORATED,-119.95387785,37.578076449999998
90169452,2016,2016-04-29,9455,2016-04-22,0100,012329,,5,3,9,2200,0,1,3,,1,002,SR-140,"SMITH ROAD",2640.00,E,N,A,-,Y,,,140,,,,,,,Y,3,0,1,1,A,-,03,22350,,N,F,A,A,A,H,-,D,D,0,,,,,Y,,A,07,0,1,0,0,0,0,0,0,0,"- ","- ",37.500909999999998,-119.96972,MARIPOSA,UNINCORPORATED,-119.96972692999999,37.50095555
90173056,2016,2016-05-04,9455,2016-04-05,1305,016876,,2,1,9,2200,0,1,3,,1,003,SR-140,"BULL CREEK BRIDGE",7392.00,E,N,A,-,Y,,,140,,,,,,,Y,1,2,1,2,A,-,01,23152,A,N,A,C,A,A,H,-,A,A,0,,,,,Y,Y,A,07,1,0,0,0,0,0,0,0,0,"- ","- ",37.621899999999997,-119.9547,MARIPOSA,UNINCORPORATED,-119.95475836,37.621934490000001
90183646,2016,2016-07-07,9455,2016-05-13,1538,018939,,5,2,9,2200,0,1,3,,1,005,SR-49,"DARRAH RD",676.00,S,N,A,-,Y,,,49,,,,,,,Y,2,0,3,2,A,-,00,23153,E,N,A,C,A,A,H,-,A,D,0,,,,,Y,,D,22,2,1,0,0,0,0,0,0,0,"- ","- ",37.463799999999999,-119.88720000000001,MARIPOSA,UNINCORPORATED,-119.88720961,37.463756889999999
90185226,2016,2016-05-23,9425,2016-05-19,1845,017461,,4,2,9,2200,0,1,3,,1,054,SR-132,"JOSEFINA WAY",528.00,E,N,A,-,Y,,,,,,,,,,Y,4,0,2,1,A,-,08,22107,,N,E,I,A,A,H,-,A,D,0,,,,,Y,,A,01,0,0,2,0,0,0,0,0,0,"- ","- ",37.671100000000003,-120.3678,MARIPOSA,UNINCORPORATED,-120.36580403000001,37.674003220000003
90185924,2016,2016-05-24,9455,2016-05-22,1009,012329,,7,1,9,2200,0,3,5,,2,010,"BOYER ROAD","SR-49 SOUTH",1056.00,E,N,A,-,N,,,,,,,,,,Y,3,0,1,1,A,-,05,21650,,N,E,I,A,A,H,-,A,D,0,,,,,Y,,A,01,0,1,0,0,0,0,0,0,0,"- ","- ",37.460270000000001,-119.86588,MARIPOSA,UNINCORPORATED,-119.86642713000001,37.459525110000001
90190581,2016,2016-05-31,9425,2016-05-21,0945,014725,,6,1,9,2200,0,3,5,,1,004,"MERCED FALLS ROAD","BARRETT COVE ROAD",0.00,,Y,A,-,N,,,,,,,,,,N,4,0,2,2,A,-,09,21802,A,N,D,C,A,A,H,-,A,A,0,,,,,Y,,A,08,0,0,2,0,0,0,0,0,0,"- ","- ",37.644039999999997,-120.3111,MARIPOSA,UNINCORPORATED,-120.31112992,37.644609940000002
90191662,2016,2016-07-01,9455,2016-05-19,1745,018215,,4,2,9,2200,0,1,3,,1,001,SR-140,"UPPER TROWER RD.",7392.00,E,N,A,-,Y,,,140,,,,,,,Y,3,0,1,2,A,-,01,23152,A,N,E,I,A,A,H,-,A,D,0,,,,,Y,Y,A,07,0,1,0,0,0,0,0,0,0,"- ","- ",37.470199999999998,-120.0745,MARIPOSA,UNINCORPORATED,-120.07448008999999,37.470201449999998
90193349,2016,2016-06-02,9455,2016-05-24,1620,018215,,2,2,9,2200,0,1,3,,1,004,SR-49,"MACREADY WAY",528.00,N,N,B,-,Y,,,,,,,,,,Y,3,0,1,1,A,-,08,22107,,N,F,A,A,A,H,-,A,D,0,,,,,Y,,A,01,0,1,0,0,0,0,0,0,0,"- ","- ",,,MARIPOSA,UNINCORPORATED,-120.03473199,37.508388279999998
90193414,2016,2016-06-02,9455,2016-05-27,1115,016876,,5,1,9,2200,0,1,3,,1,002,SR-140,"SMITH ROAD",0.00,,Y,A,-,Y,,,140,,,,,,,Y,4,0,1,2,A,-,03,22350,,N,C,C,A,A,H,-,A,D,0,,,,,Y,,A,01,0,0,1,0,0,0,0,0,0,"- ","- ",37.496229999999997,-119.97332,MARIPOSA,UNINCORPORATED,-119.97330461999999,37.496222850000002
90193476,2016,2016-06-02,9455,2016-05-27,1325,018215,,5,1,9,2200,0,1,3,,1,001,SR-140,"MILES CREEK BRIDGE 40-18",63.00,W,N,A,-,Y,,,,,,,,,,Y,3,0,1,1,A,-,08,22107,,N,E,I,A,A,H,-,A,D,0,,,,,Y,,E,22,0,1,0,0,0,0,0,0,0,"- ","- ",,,MARIPOSA,UNINCORPORATED,,
90195301,2016,2016-06-06,9455,2016-05-16,1600,018215,,1,2,9,2200,0,1,3,,1,001,SR-140,"HUMMINGBIRD LN",1584.00,E,N,A,-,Y,,,,,,,,,,Y,1,1,0,1,A,-,08,22107,,N,E,I,A,A,H,-,A,D,0,,,,,Y,,A,07,0,0,0,0,0,0,0,0,0,"- ","- ",37.283360000000002,-120.02255,MARIPOSA,UNINCORPORATED,-120.03958532999999,37.475849369999999
90201488,2016,2016-08-11,9455,2016-06-11,2058,018939,,6,2,9,2200,0,3,5,,2,010,"OLD HIGHWAY RD","MORMAN BAR CROSSING",657.00,W,N,A,-,N,,,,,,,,,,N,4,0,1,1,A,-,01,23152,E,N,E,I,A,A,H,-,D,D,0,,,,,Y,,D,22,0,0,1,0,0,0,0,0,0,"- ","- ",37.460500000000003,-119.95359999999999,MARIPOSA,UNINCORPORATED,-119.95488524,37.459697679999998
90203107,2016,2016-06-16,9455,2016-06-10,0940,016876,,5,1,9,2200,0,1,3,,1,001,SR-140,"AGUA FRIA RD",1056.00,W,N,A,-,Y,,,140,,,,,,,Y,4,0,1,1,A,-,03,22350,,N,E,I,A,A,H,-,A,D,0,,,,,Y,,D,22,0,0,1,0,0,0,0,0,0,"- ","- ",37.481610000000003,-120.02471,MARIPOSA,UNINCORPORATED,-120.02469243,37.481582289999999
90207630,2016,2016-07-07,9455,2016-06-20,1320,019417,,1,1,9,2200,0,3,5,,2,010,"TRIANGLE RD","BUCKINGHAM MNT RD",3696.00,S,N,A,-,N,,,,,,,,,,Y,3,0,1,1,A,-,01,23152,A,N,E,I,A,A,H,-,A,D,0,,,,,Y,Y,D,22,0,1,0,0,0,0,0,0,0,"- ","- ",37.514940000000003,-119.91582,MARIPOSA,UNINCORPORATED,-119.91582334,37.514937719999999
90210801,2016,2016-06-28,9455,2016-06-24,1105,018018,,5,1,9,2200,0,3,5,,2,010,"TRIANGLE ROAD","DARRAH RD",2112.00,W,N,A,-,N,,,,,,,,,,Y,3,0,2,2,A,-,03,22350,,N,A,C,A,A,H,-,A,D,0,,,,,Y,,A,01,0,2,0,0,0,0,0,0,0,"- ","- ",37.516370000000002,-119.84195,MARIPOSA,UNINCORPORATED,-119.84173183999999,37.516266639999998
90216302,2016,2016-07-05,9455,2016-06-25,0555,015656,,6,3,9,2200,0,3,5,,2,010,"SILVA RD.","COYOTE CT.",234.00,S,N,A,-,N,,,,,,,,,,Y,3,0,1,1,A,-,08,22107,,N,E,I,A,A,H,-,A,D,0,,,,,Y,,A,01,0,1,0,0,0,0,0,0,0,"- ","- ",37.464590000000001,-119.90165,MARIPOSA,UNINCORPORATED,-119.90152761,37.46439153
90222130,2016,2016-07-13,9425,2016-07-11,1445,017403,,1,2,9,2200,0,3,5,,1,005,"MOORE CREEK ROAD","HAMILTON STATION LOOP RD",10560.00,S,N,A,-,N,,,,,,,,,,Y,4,0,1,1,A,-,08,22107,,N,F,A,A,A,H,-,A,D,0,,,,,Y,,A,07,0,0,1,0,0,0,0,0,0,"- ","- ",,,MARIPOSA,UNINCORPORATED,-120.07476121000001,37.788650169999997
90243667,2016,2016-08-31,9455,2016-08-06,1805,018939,,6,2,9,2200,0,1,3,,1,003,SR-140,"SWEETWATER CREEK 40 7",2.00,E,N,A,-,Y,,,140,,,,,,,N,2,0,1,1,A,-,01,23152,A,N,E,I,A,A,H,-,A,D,0,,,Y,,Y,Y,C,02,1,0,0,0,0,0,0,0,1,"- ","- ",37.642609999999998,-119.92522,MARIPOSA,UNINCORPORATED,-119.92517804000001,37.642570079999999
90252412,2016,2016-08-25,9455,2016-08-17,2335,019244,,3,3,9,2200,0,1,3,,1,001,"RT 140","INDIAN GULCH RD",2112.00,W,N,A,-,Y,,,,,,,,,,Y,3,0,1,1,A,-,08,22107,,N,F,A,A,A,H,-,D,D,0,,,,,Y,,A,01,0,1,0,0,0,0,0,0,0,"- ","- ",37.249099999999999,-120.75655,MARIPOSA,UNINCORPORATED,-120.13090139000001,37.403696799999999
90252616,2016,2016-08-25,9455,2016-08-20,1410,019417,,6,2,9,2200,0,1,3,,1,001,SR-140,"OWENS CREEK RD",11880.00,E,N,A,-,Y,,,140,,,,,,,N,2,0,1,1,A,-,08,22107,,N,F,A,A,A,H,-,A,D,0,,,Y,,Y,,C,02,1,0,0,0,0,0,0,0,1,"- ","- ",37.360169999999997,-120.17943,MARIPOSA,UNINCORPORATED,-120.17942797000001,37.360166929999998
90260131,2016,2016-09-02,9455,2016-09-01,1714,018018,,4,2,9,2200,0,1,3,,1,002,SR-140,"8TH ST",63.00,W,N,A,-,Y,,,140,,,,,,,N,4,0,1,2,A,-,03,22350,,N,C,C,A,A,H,-,A,D,0,,,,,Y,,A,01,0,0,1,0,0,0,0,0,0,"- ","- ",37.486960000000003,-119.96756000000001,MARIPOSA,UNINCORPORATED,-119.96752624,37.486995299999997
90264003,2016,2016-09-08,9425,2016-09-02,1420,017461,,5,2,9,2200,0,1,3,,1,053,SR-49,"CROWN LEAD RD",5808.00,S,N,A,-,Y,,,,,,,,,,Y,2,0,1,1,A,-,03,22350,,N,F,A,A,A,H,-,A,D,0,,,Y,,Y,,C,02,1,0,0,0,0,0,0,0,1,"- ","- ",37.4238,-120.11490000000001,MARIPOSA,UNINCORPORATED,-120.17345822,37.681198340000002
90268772,2016,2016-09-15,9455,2016-09-12,0915,012329,,1,1,9,2200,0,1,3,,1,004,SR-49,"BEAR VALLEY ROAD",7920.00,N,N,A,-,Y,,,49,,,,,,,N,3,0,1,1,A,-,08,22107,,N,E,I,A,A,H,-,A,D,0,,,Y,,Y,,C,02,0,1,0,0,0,0,0,0,1,"- ","- ",37.589219999999997,-120.12237,MARIPOSA,UNINCORPORATED,-120.12240887999999,37.589197319999997
90271927,2016,2016-09-20,9455,2016-09-07,1530,020097,,3,2,9,2200,0,1,3,,1,003,SR-140,"BEAR CREEK",26400.00,W,N,A,-,Y,,,,,,,,,,Y,4,0,1,1,A,-,08,22107,,N,F,A,A,A,H,-,A,D,0,,,,,Y,,D,22,0,0,1,0,0,0,0,0,0,"- ","- ",37.381300000000003,-119.55576000000001,MARIPOSA,UNINCORPORATED,,
90279039,2016,2016-09-29,9455,2016-09-28,1640,019237,,3,2,9,2200,0,1,3,,1,005,"STATE HIGHWAY 49 SOUTH","3RD STREET",0.00,,Y,A,-,Y,,,49,,,,,,,Y,3,0,1,2,A,-,09,21802,A,N,D,C,A,A,H,-,A,A,0,,,,,Y,,A,01,0,1,0,0,0,0,0,0,0,"- ","- ",37.483029999999999,-119.96334,MARIPOSA,UNINCORPORATED,-119.96337586,37.48299866
90279581,2016,2016-09-29,9425,2016-09-24,0300,016886,,6,3,9,2200,0,3,5,,1,005,"UNITED STATES DIRT FOREST SERVICE ROAD","PONDEROSA WAY",50.00,W,N,A,-,N,,,,,,,,,,Y,3,0,1,1,A,-,13,22515,A,N,E,I,A,A,H,-,D,D,0,,,,,Y,Y,A,01,0,1,0,0,0,0,0,0,0,"- ","- ",37.697690000000001,-120.11618,MARIPOSA,UNINCORPORATED,,
90284787,2016,2016-10-21,9455,2016-09-20,1655,020097,,2,2,9,2200,0,1,3,,1,005,SR-49,"CHOWCHILLA MOUNTAIN RD",284.00,S,N,A,-,Y,,,,,,,,,,Y,1,1,0,1,A,-,08,22107,,N,E,I,A,A,H,-,A,D,0,,,,,Y,,A,07,0,0,0,0,0,0,0,0,0,"- ","- ",37.274889999999999,-119.46395,MARIPOSA,UNINCORPORATED,-119.776467,37.462764
90285458,2016,2016-10-06,9425,2016-10-02,0850,017403,,7,1,9,2200,0,1,3,,1,053,SR-49,"MARY HARRISON MINE RD",11088.00,S,N,A,-,Y,,,,,,,,,,Y,4,0,1,1,A,-,08,22107,,N,E,I,A,A,H,-,A,A,0,,,Y,,Y,,C,02,0,0,1,0,0,0,0,0,1,"- ","- ",,,MARIPOSA,UNINCORPORATED,-120.16235767000001,37.678610470000002
90285682,2016,2016-10-06,9425,2016-09-28,0655,017403,,3,1,9,2200,0,1,3,,1,053,SR-49,"SCHILLING RD",13728.00,S,N,A,-,Y,,,,,,,,,,Y,4,0,1,2,A,-,05,21460,A,N,A,C,A,A,H,-,A,D,0,,,,,Y,,A,07,0,0,1,0,0,0,0,0,0,"- ","- ",,,MARIPOSA,UNINCORPORATED,-120.15238508,37.634181130000002
90289865,2016,2016-10-12,9455,2016-10-05,1830,020097,,3,2,9,2200,0,3,5,,2,009,"C. Y. A. CAMP ROAD",SR-49,5808.00,E,N,A,-,N,,,,,,,,,,Y,3,0,1,1,A,-,03,22350,,N,F,A,A,A,H,-,B,D,0,,,,,Y,,A,01,0,1,0,0,0,0,0,0,0,"- ","- ",37.51735,-120.04643,MARIPOSA,UNINCORPORATED,-120.04643,37.51735
90292527,2016,2016-10-17,9455,2016-10-12,1145,020377,,3,1,9,2200,0,1,3,,1,001,"STATE HIGHWAY 140","YAQUI GULCH RD",0.00,,Y,A,-,Y,,,140,,,,,,,Y,4,0,1,2,A,-,03,22350,,N,C,C,A,A,H,-,A,D,0,,,,Y,Y,,G,27,0,0,1,0,0,0,0,0,0,"- ","- ",37.480640000000001,-120.01143,MARIPOSA,UNINCORPORATED,-120.01143106000001,37.480642240000002
90299369,2016,2016-10-24,9456,2016-10-13,1314,013782,,4,1,9,2200,0,1,3,,2,055,"STATE ROUTE 41 (SR-41)","JACKSON ROAD",3168.00,S,N,A,-,Y,,,41,,,,,,,Y,3,0,1,1,A,-,08,22107,,N,E,I,A,A,H,-,A,D,0,,,,,Y,,A,01,0,1,0,0,0,0,0,0,0,"- ","- ",37.467089999999999,-119.64556,MARIPOSA,UNINCORPORATED,-119.64552679000001,37.467084790000001
90302668,2016,2016-10-27,9455,2016-10-21,1815,018939,,5,2,9,2200,0,1,3,,1,001,SR-140,"FORESTA RD",5280.00,W,N,A,-,Y,,,140,,,,,,,N,3,0,1,1,A,-,08,22107,,N,E,I,A,A,H,-,A,D,0,,,Y,,Y,,C,02,0,1,0,0,0,0,0,0,1,"- ","- ",37.673499999999997,-119.83410000000001,MARIPOSA,UNINCORPORATED,-119.83406227,37.673473880000003
90308721,2016,2016-11-01,9425,2016-10-26,0945,016886,,3,1,9,2200,0,3,5,,1,005,"SMITH STATION ROAD","GREELEY HILL ROAD",1056.00,N,N,A,B,N,,,,,,,,,,Y,4,0,1,1,A,-,03,22350,,N,F,A,A,A,H,-,A,A,0,,,,Y,Y,,G,25,0,0,1,0,0,0,0,0,0,"- ","- ",37.754860000000001,-120.10363,MARIPOSA,UNINCORPORATED,-120.10576,37.753880000000002
90310342,2016,2016-11-03,9425,2016-08-22,1515,017403,,1,2,9,2200,0,1,3,,1,051,SR-120,"FOREST ROUTE 1S48Y",1584.00,W,N,A,-,Y,,,,,,,,,,Y,1,1,2,1,A,-,08,22107,,N,E,I,A,A,H,-,A,D,0,,,,,Y,,A,07,2,0,0,0,0,0,0,0,0,"- ","- ",,,MARIPOSA,UNINCORPORATED,,
90325863,2016,2016-11-21,9455,2016-11-11,1235,019417,,5,1,9,2200,0,1,3,,1,005,SR-49,"VARAIN RD",2640.00,S,N,A,-,Y,,,49,,,,,,,Y,2,0,1,1,A,-,08,22107,,N,E,I,A,A,H,-,A,D,0,,,,,Y,,A,01,1,0,0,0,0,0,0,0,0,"- ","- ",37.459820000000001,-119.93374,MARIPOSA,UNINCORPORATED,-119.93373427,37.4597938
90325874,2016,2016-11-21,9455,2016-11-11,1200,019417,,5,1,9,2200,0,1,3,,1,002,SR-140,"COLORADO RD",456.00,E,N,A,-,Y,,,140,,,,,,,Y,3,0,1,2,A,-,05,21460,A,N,B,C,A,A,H,-,A,D,0,,,,,Y,,A,07,0,1,0,0,0,0,0,0,0,"- ","- ",37.567,-119.94176,MARIPOSA,UNINCORPORATED,-119.94176906,37.567001349999998
90341005,2016,2016-12-09,9455,2016-12-01,1245,015656,,4,1,9,2200,0,1,3,,1,001,SR-140,"MILES CREEK BRIDGE 40-17",185.00,W,N,B,-,Y,,,140,,,,,,,Y,3,0,1,1,A,-,08,22107,,N,F,A,A,A,H,-,A,D,0,,,,,Y,,D,22,0,1,0,0,0,0,0,0,0,"- ","- ",37.374699999999997,-120.1683,MARIPOSA,UNINCORPORATED,-120.16832873,37.374705319999997
90349772,2016,2016-12-20,9455,2016-12-16,1940,018215,,5,2,9,2200,0,1,3,,1,001,SR-140,"MT BULLION CUTOFF RD",2112.00,W,N,B,C,Y,,,,,,,,,,Y,3,0,3,2,A,-,03,22350,,N,D,C,A,B,H,-,D,D,0,,,,,Y,,D,22,0,1,2,0,0,0,0,0,0,"- ","- ",,,MARIPOSA,UNINCORPORATED,-120.07232562,37.47649062
90350571,2016,2016-12-27,9455,2016-12-12,1352,018939,,1,1,9,2200,0,1,3,,1,005,SR-49,"USONA RD",1584.00,N,N,B,-,Y,,,49,,,,,,,Y,3,0,3,1,A,-,08,22107,,N,E,I,A,A,H,-,A,D,0,,,,,Y,,A,07,0,1,2,0,0,0,0,0,0,"- ","- ",37.451500000000003,-119.82899999999999,MARIPOSA,UNINCORPORATED,-119.82893076000001,37.45138815
90356162,2016,2016-12-28,9455,2016-12-19,1727,018939,,1,2,9,2200,0,1,3,,1,005,SR-49,"DARRAH RD",0.00,,Y,A,-,Y,,,49,,,,,,,Y,3,0,1,2,A,-,09,21802,A,N,D,C,A,A,H,-,D,D,0,,,,,Y,,A,01,0,1,0,0,0,0,0,0,0,"- ","- ",37.463850000000001,-119.88858999999999,MARIPOSA,UNINCORPORATED,-119.88858931,37.46388803
90356553,2016,2016-12-28,9455,2016-12-21,1515,018215,,3,2,9,2200,0,1,3,,1,004,SR-49,"MYKLEOAKS RD",0.00,,Y,A,-,Y,,,,,,,,,,Y,2,0,2,3,A,-,03,22350,,N,C,C,A,A,H,-,A,D,0,,,,,Y,,D,22,2,0,0,0,0,0,0,0,0,"- ","- ",,,MARIPOSA,UNINCORPORATED,-120.00952997,37.506109940000002
90359797,2016,2017-01-03,9455,2016-12-29,1415,020377,,4,2,9,2200,0,1,3,,1,002,"STATE HIGHWAY 140","TRIANGLE RD",2640.00,E,N,A,-,Y,,,140,,,,,,,Y,3,0,1,1,A,-,08,22107,,N,F,A,A,A,H,-,A,D,0,,,,,Y,,A,08,0,1,0,0,0,0,0,0,0,"- ","- ",37.530920000000002,-119.91954,MARIPOSA,UNINCORPORATED,-119.91957452,37.530880860000003
90360010,2016,2017-03-15,9455,2016-12-31,1900,020377,,6,2,9,2200,0,1,3,,1,004,"STATE HIGHWAY 49","BEAR VALLEY RD",10560.00,N,N,E,-,Y,,,49,,,,,,,Y,3,0,1,1,A,-,08,22107,,N,E,I,A,B,H,-,D,D,0,,,,,Y,,A,07,0,1,0,0,0,0,0,0,0,"- ","- ",37.597740000000002,-120.124,MARIPOSA,UNINCORPORATED,-120.12399229,37.597743989999998
90371686,2017,2017-01-18,9455,2017-01-14,1225,018088,,6,1,9,2200,0,1,3,,1,004,SR-49,"FRENCH CAMP RD",528.00,S,N,A,-,Y,,,49,,,,,,,Y,2,0,2,1,A,-,01,23152,A,N,E,I,A,A,H,-,A,D,0,,,,,Y,Y,A,01,1,0,1,0,0,0,0,0,0,"- ","- ",37.504159999999999,-119.99403,MARIPOSA,UNINCORPORATED,-119.99403270000001,37.504157050000003
90373117,2017,2017-03-15,9455,2017-01-16,1810,018215,,1,2,9,2200,0,1,3,,1,001,SR-140,"LOWER TROWER RD.",162.00,E,N,A,-,Y,,,,,,,,,,N,3,0,5,2,A,-,03,22350,,N,C,C,A,A,H,-,D,D,0,,,,,Y,,A,01,0,1,4,0,0,0,0,0,0,"- ","- ",,,MARIPOSA,UNINCORPORATED,,
90381604,2017,2017-01-30,9425,2017-01-17,1329,017403,,2,1,9,2200,0,3,5,,1,005,"DEXTER RD","PINE LAKE DR",4752.00,S,N,A,-,N,,,,,,,,,,Y,4,0,1,2,A,-,08,22107,,N,A,C,A,A,H,-,A,D,0,,,,,Y,,A,07,0,0,1,0,0,0,0,0,0,"- ","- ",,,MARIPOSA,UNINCORPORATED,-120.14443,37.761839999999999
90383433,2017,2017-02-01,9455,2017-01-24,0755,020377,,2,1,9,2200,0,1,3,,1,004,"STATE HIGHWAY 140","FOURNIER RD",75.00,N,N,A,-,Y,,,,,,,,,,Y,4,0,1,1,A,-,03,22350,,N,E,I,A,C,H,-,A,D,0,,,,,Y,,D,22,0,0,1,0,0,0,0,0,0,"- ","- ",37.50676,-120.00472000000001,MARIPOSA,UNINCORPORATED,,
90384041,2017,2017-02-01,9455,2017-01-26,1910,018939,,4,2,9,2200,0,3,5,,2,010,"TRIANGLE RD","TRIANGLE PARK RD",1584.00,N,N,A,-,N,,,,,,,,,,Y,3,0,1,1,A,-,08,22107,,N,E,I,A,A,H,-,D,D,0,,,,,Y,,A,01,0,1,0,0,0,0,0,0,0,"- ","- ",37.494500000000002,-119.812,MARIPOSA,UNINCORPORATED,-119.81598855,37.490599449999998