CASE_ID,ACCIDENT_YEAR,PROC_DATE,JURIS,COLLISION_DATE,COLLISION_TIME,OFFICER_ID,REPORTING_DISTRICT,DAY_OF_WEEK,CHP_SHIFT,POPULATION,CNTY_CITY_LOC,SPECIAL_COND,BEAT_TYPE,CHP_BEAT_TYPE,CITY_DIVISION_LAPD,CHP_BEAT_CLASS,BEAT_NUMBER,PRIMARY_RD,SECONDARY_RD,DISTANCE,DIRECTION,INTERSECTION,WEATHER_1,WEATHER_2,STATE_HWY_IND,CALTRANS_COUNTY,CALTRANS_DISTRICT,STATE_ROUTE,ROUTE_SUFFIX,POSTMILE_PREFIX,POSTMILE,LOCATION_TYPE,RAMP_INTERSECTION,SIDE_OF_HWY,TOW_AWAY,COLLISION_SEVERITY,NUMBER_KILLED,NUMBER_INJURED,PARTY_COUNT,PRIMARY_COLL_FACTOR,PCF_CODE_OF_VIOL,PCF_VIOL_CATEGORY,PCF_VIOLATION,PCF_VIOL_SUBSECTION,HIT_AND_RUN,TYPE_OF_COLLISION,MVIW,PED_ACTION,ROAD_SURFACE,ROAD_COND_1,ROAD_COND_2,LIGHTING,CONTROL_DEVICE,CHP_ROAD_TYPE,PEDESTRIAN_ACCIDENT,BICYCLE_ACCIDENT,MOTORCYCLE_ACCIDENT,TRUCK_ACCIDENT,NOT_PRIVATE_PROPERTY,ALCOHOL_INVOLVED,STWD_VEHTYPE_AT_FAULT,CHP_VEHTYPE_AT_FAULT,COUNT_SEVERE_INJ,COUNT_VISIBLE_INJ,COUNT_COMPLAINT_PAIN,COUNT_PED_KILLED,COUNT_PED_INJURED,COUNT_BICYCLIST_KILLED,COUNT_BICYCLIST_INJURED,COUNT_MC_KILLED,COUNT_MC_INJURED,PRIMARY_RAMP,SECONDARY_RAMP,LATITUDE,LONGITUDE,COUNTY,CITY,POINT_X,POINT_Y
90386101,2017,2017-02-06,9455,2017-01-29,0925,020377,,7,1,9,2200,0,1,3,,1,003,"STATE HIGHWAY 140","TRAILER CT RD",900.00,W,N,A,-,Y,,,140,,,,,,,Y,3,0,1,1,A,-,03,22350,,N,E,I,A,C,H,-,A,D,0,,,,,Y,,D,22,0,1,0,0,0,0,0,0,0,"- ","- ",37.670749999999998,-119.79897,MARIPOSA,UNINCORPORATED,-119.79896669,37.670660900000001
90393180,2017,2017-02-14,9455,2017-02-09,1325,018939,,4,1,9,2200,0,1,3,,1,005,SR-49,"WATT ROAD EXTENSION",1056.00,N,N,B,-,Y,,,49,,,,,,,Y,4,0,2,1,A,-,08,22107,,N,E,I,A,A,H,-,A,D,0,,,,,Y,,A,07,0,0,2,0,0,0,0,0,0,"- ","- ",37.455100000000002,-119.7701,MARIPOSA,UNINCORPORATED,-119.77013504999999,37.454963030000002
90404890,2017,2017-03-02,9455,2017-02-24,0815,020097,,5,1,9,2200,0,1,3,,1,005,SR-49,"WASS RD",528.00,S,N,A,-,Y,,,,,,,,,,Y,3,0,1,1,A,-,03,22350,,N,F,A,A,C,H,-,A,D,0,,,,,Y,,D,22,0,1,0,0,0,0,0,0,0,"- ","- ",,,MARIPOSA,UNINCORPORATED,-119.83384141000001,37.44837227
90407243,2017,2017-03-07,9455,2017-03-05,0815,019417,,7,1,9,2200,0,1,3,,1,005,SR-49,"VARAIN RD.",3326.00,S,N,B,C,Y,,,49,,,,,,,N,4,0,1,3,A,-,03,22350,,N,C,C,A,B,H,-,A,D,0,,,,,Y,,D,22,0,0,1,0,0,0,0,0,0,"- ","- ",37.460059999999999,-119.9323,MARIPOSA,UNINCORPORATED,-119.93229684000001,37.460019109999998
90407847,2017,2017-03-16,9455,2017-03-05,0010,020097,,7,3,9,2200,0,3,5,,2,009,"HORNITOS RD","OLD TOLL RD",302.00,N,N,B,-,N,,,,,,,,,,Y,3,0,1,1,A,-,01,23152,A,N,E,I,A,A,H,-,D,D,0,,,,,Y,Y,A,07,0,1,0,0,0,0,0,0,0,"- ","- ",37.491729999999997,-120.14176,MARIPOSA,UNINCORPORATED,-120.14084942,37.491789879999999
90414405,2017,2017-03-17,9425,2017-03-11,1900,019785,,6,2,9,2200,0,1,3,,1,053,"STATE ROUTE 49","SCHILLING RD",10560.00,S,N,A,-,Y,,,49,,,,,,,Y,3,0,1,1,A,-,08,22107,,N,E,I,A,A,H,-,D,D,0,,,,,Y,,A,01,0,1,0,0,0,0,0,0,0,"- ","- ",37.658619999999999,-120.14671,MARIPOSA,UNINCORPORATED,-120.14659707,37.658618300000001
90414666,2017,2017-03-17,9455,2017-03-09,1520,018939,,4,2,9,2200,0,3,5,,2,010,SR-49,"3RD ST",185.00,N,N,A,-,Y,,,49,,,,,,,Y,3,0,1,2,A,-,03,22350,,N,C,C,A,A,H,-,A,A,0,,,,,Y,,A,01,0,1,0,0,0,0,0,0,0,"- ","- ",37.483499999999999,-119.9639,MARIPOSA,UNINCORPORATED,-119.96378799,37.483146410000003
90418418,2017,2017-03-23,9455,2017-03-20,1745,018215,,1,2,9,2200,0,3,5,,2,009,"HORNITOS RD","LA PALOMA RD",1584.00,W,N,B,C,N,,,,,,,,,,Y,3,0,1,1,A,-,03,22350,,N,E,I,A,B,H,-,A,D,0,,,,,Y,,A,01,0,1,0,0,0,0,0,0,0,"- ","- ",37.285989999999998,-120.16473000000001,MARIPOSA,UNINCORPORATED,-120.27770001,37.482420910000002
90425394,2017,2017-04-03,9455,2017-03-25,1110,018939,,6,1,9,2200,0,3,5,,2,010,"BEN HUR RD","SILVER BAR RD",1584.00,S,N,B,-,N,,,,,,,,,,Y,3,0,1,1,A,-,08,22107,,N,H,I,A,A,B,-,A,D,0,,,Y,,Y,,C,02,0,1,0,0,0,0,0,0,1,"- ","- ",37.369799999999998,-119.9682,MARIPOSA,UNINCORPORATED,-119.96816171,37.370230419999999
90429863,2017,2017-04-07,9455,2017-04-02,0025,020377,,7,3,9,2200,0,1,3,,1,002,"STATE HIGHWAY 140","COLORADO RD",10560.00,E,N,A,-,Y,,,140,,,,,,,Y,4,0,1,1,A,-,08,22107,,N,E,I,A,A,H,-,D,D,0,,,,,Y,,A,01,0,0,1,0,0,0,0,0,0,"- ","- ",37.581339999999997,-119.96062000000001,MARIPOSA,UNINCORPORATED,-119.96004481,37.581735109999997
90433687,2017,2017-04-13,9425,2017-04-09,1920,017403,,7,2,9,2200,0,1,3,,1,053,SR-49,"MARY HARRISON MINE RD",6336.00,S,N,A,-,Y,,,,,,,,,,Y,3,0,5,1,A,-,08,22107,,N,E,I,A,A,H,-,D,D,0,,,,,Y,,A,07,0,3,2,0,0,0,0,0,0,"- ","- ",,,MARIPOSA,UNINCORPORATED,-120.17338138,37.681172050000001
90434592,2017,2017-04-14,9455,2017-04-09,0210,020097,,7,3,9,2200,0,1,3,,1,005,SR-49,"USONA RD",900.00,S,N,A,-,Y,,,,,,,,,,Y,3,0,1,1,A,-,01,23152,A,M,F,A,A,A,H,-,D,D,0,,,,,Y,Y,D,22,0,1,0,0,0,0,0,0,0,"- ","- ",,,MARIPOSA,UNINCORPORATED,-119.82533866,37.451933439999998
90434617,2017,2017-04-14,9455,2017-04-08,1150,018088,,6,1,9,2200,0,1,3,,1,001,SR-140,"VIA CABALLO",3168.00,W,N,B,-,Y,,,,,,,,,,Y,3,0,2,1,A,-,08,22107,,N,E,I,A,A,H,-,A,D,0,,,,,Y,,A,01,0,1,1,0,0,0,0,0,0,"- ","- ",,,MARIPOSA,UNINCORPORATED,,
90435661,2017,2017-04-17,9425,2017-04-07,1100,017461,,5,1,9,2200,0,1,3,,1,053,SR-49,"SCHILLING RD",8976.00,S,N,B,C,Y,,,49,,,,,,,Y,2,0,4,1,A,-,08,22107,,N,F,A,A,B,H,-,A,D,0,,,,,Y,,A,01,1,2,1,0,0,0,0,0,0,"- ","- ",37.710999999999999,-120.1977,MARIPOSA,UNINCORPORATED,-120.19755734,37.711128189999997
90444991,2017,2017-04-28,9455,2017-04-24,0105,020377,,1,3,9,2200,0,3,5,,2,010,"DARRAH RD","BOOTJACK LN",2640.00,E,N,A,-,N,,,,,,,,,,Y,3,0,1,1,A,-,01,23152,A,N,E,I,A,A,H,-,D,D,0,,,,,Y,Y,A,01,0,1,0,0,0,0,0,0,0,"- ","- ",37.47072,-119.87932000000001,MARIPOSA,UNINCORPORATED,-119.88050207000001,37.470029019999998
90445350,2017,2017-04-28,9455,2017-04-26,1725,018939,,3,2,9,2200,0,1,3,,1,005,SR-49,"VARAIN RD",1056.00,S,N,B,-,Y,,,49,,,,,,,Y,3,0,1,3,A,-,03,22350,,N,C,C,A,A,H,-,A,D,0,,,,,Y,,A,01,0,1,0,0,0,0,0,0,0,"- ","- ",37.459400000000002,-119.93899999999999,MARIPOSA,UNINCORPORATED,-119.93902043,37.459302860000001
90447211,2017,2017-05-02,9455,2017-04-26,2010,018939,,3,2,9,2200,0,1,3,,1,003,SR-140,"FORESTA RD",1584.00,E,N,B,-,Y,,,140,,,,,,,Y,3,0,1,1,A,-,08,22107,,N,E,I,A,A,H,-,D,D,0,,,,,Y,Y,A,07,0,1,0,0,0,0,0,0,0,"- ","- ",37.667200000000001,-119.81270000000001,MARIPOSA,UNINCORPORATED,-119.81269455,37.667214100000002
90460456,2017,2017-05-22,9425,2017-05-20,0705,016886,,6,1,9,2200,0,1,3,,1,053,SR-49,"CROWN LEAD ROAD",6336.00,S,N,A,-,Y,,,49,,,,,,,Y,3,0,1,1,A,-,05,21460,A,N,F,A,A,A,H,-,A,D,0,,,Y,,Y,,C,02,0,1,0,0,0,0,0,0,1,"- ","- ",37.680610000000001,-120.17143,MARIPOSA,UNINCORPORATED,-120.1714812,37.680612930000002
90460818,2017,2017-05-22,9425,2017-05-22,0600,017403,,1,1,9,2200,0,1,3,,1,053,SR-49,"MARY HARRISON MINE RD",5280.00,S,N,A,-,Y,,,,,,,,,,Y,4,0,1,1,A,-,08,22107,,N,E,I,A,A,H,-,A,D,0,,,,,Y,,D,22,0,0,1,0,0,0,0,0,0,"- ","- ",,,MARIPOSA,UNINCORPORATED,-120.17526248,37.683456229999997
90467905,2017,2017-09-12,9455,2017-05-17,1815,019417,,3,2,9,2200,0,1,3,,1,001,SR-140,"OLD HWY",22704.00,W,N,A,-,Y,,,,,,,,,,Y,1,1,2,2,A,-,05,21460,A,N,A,C,A,A,H,-,A,A,0,,,,,Y,,M,47,1,0,1,0,0,0,0,0,0,"- ","- ",37.360100000000003,-120.19759000000001,MARIPOSA,UNINCORPORATED,-120.17930269,37.360307339999999
90468170,2017,2017-05-31,9455,2017-05-25,1650,019417,,4,2,9,2200,0,1,3,,1,004,SR-49,SR-140,128.00,N,N,A,-,Y,,,49,,,,,,,N,3,0,1,2,A,-,09,21804,A,N,F,A,A,A,H,-,A,A,0,,,Y,,Y,,A,01,0,1,0,0,0,0,0,0,1,"- ","- ",37.493029999999997,-119.97338000000001,MARIPOSA,UNINCORPORATED,-119.97337537,37.493004300000003
90471862,2017,2017-06-06,9455,2017-05-29,1940,020097,,1,2,9,2200,0,1,3,,1,001,SR-140,"OLD HIGHWAY RD",14784.00,W,N,B,-,Y,,,,,,,,,,Y,4,0,2,2,A,-,01,23152,A,N,E,I,A,A,H,-,A,D,0,,,,,Y,Y,A,01,0,0,2,0,0,0,0,0,0,"- ","- ",,,MARIPOSA,UNINCORPORATED,,
90478750,2017,2017-06-15,9455,2017-06-07,1945,018939,,3,2,9,2200,0,1,3,,1,003,SR-140,"SWEETWATER CREEK",12672.00,E,N,A,-,Y,,,140,,,,,,,Y,4,0,1,1,A,-,08,22107,,N,E,I,A,A,H,-,A,D,0,,,,,Y,,A,08,0,0,1,0,0,0,0,0,0,"- ","- ",37.668300000000002,-119.9191,MARIPOSA,UNINCORPORATED,-119.91903978000001,37.668032869999998
90481626,2017,2017-06-20,9455,2017-06-15,1010,020377,,4,1,9,2200,0,1,3,,1,002,"STATE HIGHWAY 140","STATE HIGHWAY 49",0.00,,Y,A,-,Y,,,140,,,,,,,Y,4,0,1,2,A,-,09,21802,A,N,D,C,A,A,H,-,A,A,0,,,,,Y,,A,08,0,0,1,0,0,0,0,0,0,"- ","- ",37.483150000000002,-119.96377,MARIPOSA,UNINCORPORATED,-119.96378401,37.483140519999999
90483988,2017,2017-06-22,9455,2017-06-20,1745,018215,,2,2,9,2200,0,3,5,,2,010,"WASS RD","TIP TOP RD",2112.00,W,N,A,-,N,,,,,,,,,,Y,3,0,1,1,A,-,01,23152,A,N,E,I,A,A,H,-,A,D,0,,,,,Y,Y,A,01,0,1,0,0,0,0,0,0,0,"- ","- ",37.270760000000003,-119.49521,MARIPOSA,UNINCORPORATED,-119.83120617,37.452017669999996
90484116,2017,2017-06-22,9455,2017-06-19,1145,015656,,1,1,9,2200,0,3,5,,2,009,"W. WHITLOCK RD.","MT BULLION RIDGE RD",1584.00,N,N,A,-,N,,,,,,,,,,N,3,0,1,1,C,-,18,,,N,H,H,A,A,H,-,A,D,0,,,Y,,Y,,-,"- ",0,1,0,0,0,0,0,0,1,"- ","- ",37.542270000000002,-120.01331999999999,MARIPOSA,UNINCORPORATED,-120.01320292,37.541778729999997
90486800,2017,2017-06-23,9455,2017-06-17,1000,020377,,6,1,9,2200,0,1,3,,1,004,"STATE HIGHWAY 49","BEAR VALLEY RD",7920.00,N,N,A,-,Y,,,49,,,,,,,N,4,0,1,1,A,-,03,22350,,N,E,I,A,A,H,-,A,D,0,,,Y,,Y,,C,02,0,0,1,0,0,0,0,0,1,"- ","- ",37.589170000000003,-120.12266,MARIPOSA,UNINCORPORATED,-120.12246745,37.589295380000003
90491786,2017,2017-06-30,9455,2017-06-24,0430,019237,,6,3,9,2200,0,1,3,,1,005,"STATE HIGHWAY 49 SOUTH","MIAMI MOUNTAIN RD",400.00,N,N,A,-,Y,,,49,,,,,,,Y,2,0,2,1,A,-,08,22107,,N,E,I,A,A,H,-,B,D,0,,,,,Y,Y,A,01,1,1,0,0,0,0,0,0,0,"- ","- ",37.41919,-119.72785,MARIPOSA,UNINCORPORATED,-119.72792317,37.419316700000003
90501277,2017,2017-07-17,9455,2017-07-08,1600,021563,,6,2,9,2200,0,1,3,,1,004,"SR-49 S/B","BAGBY BRIDGE",2640.00,S,N,A,-,Y,,,49,,,,,,S,Y,3,0,1,1,A,-,03,22350,,N,F,A,A,A,H,-,A,D,0,,,,,Y,,A,01,0,1,0,0,0,0,0,0,0,"- ","- ",37.603900000000003,-120.13370999999999,MARIPOSA,UNINCORPORATED,-120.13369324999999,37.60393973
90501446,2017,2017-07-17,9455,2017-07-07,2038,018939,,5,2,9,2200,0,3,5,,2,010,"INDIAN PEAK RD","HUMBUG CREEK RD",1056.00,S,N,A,-,N,,,,,,,,,,N,2,0,1,1,A,-,01,23152,A,N,E,I,A,A,H,-,D,D,0,,,Y,,Y,Y,C,02,1,0,0,0,0,0,0,0,1,"- ","- ",37.430300000000003,-119.88630000000001,MARIPOSA,UNINCORPORATED,-119.88899000000001,37.430230000000002
90506232,2017,2017-08-01,9455,2017-07-14,1505,018215,,5,2,9,2200,0,1,3,,1,004,SR-49,"FRENCH CAMP RD",364.00,S,N,A,-,Y,,,,,,,,,,Y,4,0,3,2,A,-,03,22350,,N,C,C,A,A,H,-,A,D,0,,,,,Y,,A,07,0,0,3,0,0,0,0,0,0,"- ","- ",,,MARIPOSA,UNINCORPORATED,-119.99345243,37.503688599999997
90506262,2017,2017-07-24,9455,2017-07-17,1650,018215,,1,2,9,2200,0,1,3,,1,005,SR-49,"SEBASTOPOL RD",550.00,S,N,A,-,Y,,,,,,,,,,Y,4,0,1,2,A,-,03,22350,,N,C,C,A,A,H,-,A,D,0,,,,,Y,,D,22,0,0,1,0,0,0,0,0,0,"- ","- ",,,MARIPOSA,UNINCORPORATED,-119.89775364,37.462465909999999
90521055,2017,2017-08-10,9455,2017-08-06,1740,021143,,7,2,9,2200,0,3,5,,2,009,"HORNITOS RD","LA PALOMA RD",1661.00,W,N,A,-,N,,,,,,,,,,Y,4,0,1,1,A,-,01,23152,A,N,F,A,A,A,H,-,A,D,0,,,,,Y,Y,A,07,0,0,1,0,0,0,0,0,0,"- ","- ",37.482469999999999,-120.27791999999999,MARIPOSA,UNINCORPORATED,-120.2779634,37.482445929999997
90525687,2017,2017-08-17,9425,2017-08-13,1110,017461,,7,1,9,2200,0,3,5,,1,005,"RANCHITO DR","DOLOROSA ST",118.00,W,N,A,-,N,,,,,,,,,,Y,4,0,1,1,A,-,08,22107,,N,E,I,A,A,H,-,A,D,0,,,,,Y,,D,22,0,0,1,0,0,0,0,0,0,"- ","- ",37.641100000000002,-120.3338,MARIPOSA,UNINCORPORATED,-120.33859291,37.641057969999999
90533675,2017,2017-09-12,9455,2017-08-13,0025,020377,,7,3,9,2200,0,3,5,,2,010,"SILVA RD","GOIN'S ROAD",63.00,N,N,A,-,N,,,,,,,,,,Y,1,1,1,1,A,-,01,23152,A,N,E,I,A,A,H,-,D,D,0,,,,,Y,Y,A,01,0,1,0,0,0,0,0,0,0,"- ","- ",37.471580000000003,-119.90024,MARIPOSA,UNINCORPORATED,-119.90024,37.471580000000003
90534530,2017,2017-08-28,9455,2017-08-25,0645,021563,,5,1,9,2200,0,1,3,,1,003,"SR-140 E/B","SWEETWATER CREEK BRIDGE",528.00,W,N,A,-,Y,,,140,,,,,,E,Y,4,0,1,1,A,-,08,22107,,N,F,A,A,A,H,-,B,D,0,,,,,Y,,A,07,0,0,1,0,0,0,0,0,0,"- ","- ",37.640180000000001,-119.92641999999999,MARIPOSA,UNINCORPORATED,-119.9264331,37.640186399999997
90535901,2017,2017-08-29,9455,2017-08-18,1330,021143,,5,1,9,2200,0,3,5,,2,009,"COLORADO RD",SR-140,4224.00,N,N,A,-,N,,,,,,,,,,Y,2,0,2,2,A,-,05,21460,A,N,B,C,A,A,H,-,A,D,0,,,,,Y,,A,01,1,0,1,0,0,0,0,0,0,"- ","- ",37.565399999999997,-119.9539,MARIPOSA,UNINCORPORATED,-119.94001,37.56465
90537815,2017,2017-08-31,9425,2017-08-25,1720,016886,,5,2,9,2200,0,1,3,,1,054,SR-132,"SPRING GULCH ROAD",1584.00,W,N,A,-,Y,,,132,,,,,,,N,4,0,1,1,A,-,08,22107,,N,E,I,A,A,H,-,A,D,0,,,,,Y,,A,07,0,0,1,0,0,0,0,0,0,"- ","- ",37.6999,-120.27043,MARIPOSA,UNINCORPORATED,-120.27041373,37.69982615
90541443,2017,2017-09-06,9455,2017-09-01,1615,021563,,5,2,9,2200,0,1,3,,1,003,SR-140,"EAST FERGUSON BRIDGE",150.00,W,N,A,-,Y,,,140,,,,,,,N,4,0,1,1,A,-,08,22107,,N,E,I,A,A,E,-,A,D,0,,,,,Y,,A,07,0,0,1,0,0,0,0,0,0,"- ","- ",37.655650000000001,-119.89849,MARIPOSA,UNINCORPORATED,-119.89866734,37.65509453
90544146,2017,2017-09-11,9455,2017-09-09,1220,019244,,6,1,9,2200,0,3,5,,2,009,"HORNITOS RD","OLD TOLL RD",4224.00,N,N,A,-,N,,,,,,,,,,Y,3,0,1,1,A,-,08,22107,,N,F,A,A,A,H,-,A,D,0,,,Y,,Y,,C,02,0,1,0,0,0,0,0,0,1,"- ","- ",37.293979999999998,-120.92276,MARIPOSA,UNINCORPORATED,-120.13511793000001,37.482527560000001
90547129,2017,2017-09-13,9455,2017-09-06,1643,021563,,3,2,9,2200,0,3,5,,2,009,"SHERLOCK RD","TELEGRAPH RD",528.00,E,N,A,-,N,,,,,,,,,,N,2,0,3,1,A,-,08,22107,,N,F,A,A,A,E,-,A,D,0,,,Y,,Y,,C,06,1,2,0,0,0,0,0,0,3,"- ","- ",37.556930000000001,-119.99607,MARIPOSA,UNINCORPORATED,-119.99712669,37.567427909999999
90547782,2017,2017-09-14,9425,2017-06-26,2015,017403,,1,2,9,2200,0,1,3,,1,054,SR-132,"BONDS FLAT RD",1056.00,W,N,A,-,Y,,,,,,,,,,Y,1,1,0,1,A,-,01,23152,A,N,E,I,A,A,H,-,A,D,0,,,Y,,Y,Y,C,02,0,0,0,0,0,0,0,1,0,"- ","- ",,,MARIPOSA,UNINCORPORATED,,
90549116,2017,2017-09-15,9455,2017-09-13,1500,020377,,3,2,9,2200,0,1,3,,1,002,"STATE HIGHWAY 140","EAST WHITLOCK ROAD",528.00,W,N,A,-,Y,,,140,,,,,,,Y,2,0,1,1,A,-,08,22107,,N,E,I,A,A,H,-,A,D,0,,,,,Y,,D,22,1,0,0,0,0,0,0,0,0,"- ","- ",37.513530000000003,-119.96093999999999,MARIPOSA,UNINCORPORATED,-119.96092029,37.513495349999999
90551233,2017,2017-09-19,9425,2017-07-27,1427,016886,,4,2,9,2200,0,1,3,,1,051,SR-120,"USFS 1S01",368.00,W,N,A,-,Y,,,120,,,,,,,Y,1,1,1,1,A,-,08,22107,,N,E,I,A,A,H,-,A,D,0,,,,,Y,Y,D,22,1,0,0,0,0,0,0,0,0,"- ","- ",37.817979999999999,-120.05583,MARIPOSA,UNINCORPORATED,-120.05584897,37.818038090000002
90555947,2017,2017-09-26,9425,2017-09-12,1530,017403,,2,2,9,2200,0,3,5,,1,005,"MERCED FALLS RD","RANCHITO DR",220.00,S,N,A,-,N,,,,,,,,,,Y,3,0,1,1,A,-,08,22107,,N,E,I,A,A,H,-,A,D,0,,,,,Y,,A,07,0,1,0,0,0,0,0,0,0,"- ","- ",37.644590000000001,-120.31095999999999,MARIPOSA,UNINCORPORATED,-120.31094903,37.64402784
90557423,2017,2017-09-27,9455,2017-09-25,1840,018215,,1,2,9,2200,0,1,3,,1,001,SR-140,"MILES CREEK BRIDGE 40-18",280.00,E,N,A,-,Y,,,140,,,,,,,N,2,0,1,3,A,-,11,21954,A,N,G,B,D,A,H,-,A,D,0,Y,,,,Y,,N,60,1,0,0,0,1,0,0,0,0,"- ","- ",37.385440000000003,-120.15644,MARIPOSA,UNINCORPORATED,-120.15642689000001,37.385427030000002
90561972,2017,2017-10-04,9455,2017-09-25,2312,021228,,1,3,9,2200,0,3,5,,2,010,"TRIANGLE RD","DARRAH RD",35.00,S,N,A,-,N,,,,,,,,,,Y,4,0,1,1,A,-,01,23152,A,N,E,I,A,A,H,-,D,A,0,,,,,Y,Y,A,01,0,0,1,0,0,0,0,0,0,"- ","- ",37.516550000000002,-119.83506,MARIPOSA,UNINCORPORATED,-119.83508298,37.51642571
90563178,2017,2017-10-04,9455,2017-09-29,1905,019417,,5,2,9,2200,0,1,3,,1,004,SR-49,"SMITH RD",1056.00,S,N,B,-,Y,,,49,,,,,,,N,2,0,1,1,C,-,18,,,N,H,H,A,A,H,-,D,D,0,,,Y,,Y,,-,"- ",1,0,0,0,0,0,0,0,1,"- ","- ",37.494129999999998,-119.97784,MARIPOSA,UNINCORPORATED,-119.97785121,37.494115260000001
90566745,2017,2017-10-10,9455,2017-09-30,2154,019237,,6,2,9,2200,0,1,3,,1,001,"STATE HIGHWAY 140","INDIAN GULCH ROAD",2640.00,N,N,A,-,Y,,,140,,,,,,,Y,3,0,1,1,A,-,08,22107,,N,E,I,A,A,H,-,D,D,0,,,,,Y,,A,07,0,1,0,0,0,0,0,0,0,"- ","- ",37.413870000000003,-120.11924,MARIPOSA,UNINCORPORATED,-120.11905702,37.413593050000003
90571806,2017,2017-10-18,9455,2017-10-09,1700,021563,,1,2,9,2200,0,1,3,,1,003,SR-140,"EAST FERGUSON BRIDGE",10560.00,E,N,A,-,Y,,,140,,,,,,,Y,3,0,1,1,A,-,08,22107,,N,E,I,A,A,H,-,B,D,0,,,,,Y,Y,A,07,0,1,0,0,0,0,0,0,0,"- ","- ",37.663089999999997,-119.87036999999999,MARIPOSA,UNINCORPORATED,-119.87038182000001,37.663106069999998
90581660,2017,2017-10-30,9455,2017-10-22,0600,021143,,7,1,9,2200,0,1,3,,1,003,SR-140,"HITES MINE RD",7920.00,W,N,A,-,Y,,,140,,,,,,,N,3,0,1,1,A,-,08,22107,,N,F,I,A,A,H,-,C,D,0,,,,,Y,,A,07,0,1,0,0,0,0,0,0,0,"- ","- ",37.671190000000003,-119.82962000000001,MARIPOSA,UNINCORPORATED,-119.82965425,37.671124769999999
90582221,2017,2017-10-30,9455,2017-10-23,2105,021563,,1,2,9,2200,0,1,3,,1,003,SR-140,"CRANE CREEK RD",200.00,E,N,A,-,Y,,,140,,,,,,,Y,3,0,1,1,A,-,01,23152,A,N,F,I,A,A,H,-,D,D,0,,,,,Y,Y,A,07,0,1,0,0,0,0,0,0,0,"- ","- ",37.676279999999998,-119.77623,MARIPOSA,UNINCORPORATED,-119.77624491,37.676305980000002
90586636,2017,2017-11-03,9455,2017-10-25,0805,015656,,3,1,9,2200,0,3,5,,2,010,"BULLION ST.","6TH ST.",67.00,S,N,A,-,N,,,,,,,,,,Y,3,0,1,1,A,-,01,23152,F,N,E,I,A,A,H,-,A,D,0,,,,,Y,,A,01,0,1,0,0,0,0,0,0,0,"- ","- ",37.485340000000001,-119.96446,MARIPOSA,UNINCORPORATED,-119.9644555,37.485290550000002
90588948,2017,2017-11-07,9425,2017-11-03,0423,016886,,5,3,9,2200,0,1,3,,1,053,SR-49,"CROWN LEAD ROAD",12672.00,S,N,B,-,Y,,,49,,,,,,,Y,2,0,1,1,A,-,08,22107,,N,E,I,A,B,H,-,D,D,0,,,,,Y,,A,07,1,0,0,0,0,0,0,0,0,"- ","- ",37.675609999999999,-120.15931,MARIPOSA,UNINCORPORATED,-120.15935555,37.6756508
90592131,2017,2017-11-10,9455,2017-11-02,0818,018088,,4,1,9,2200,0,1,3,,1,005,SR-49,"WOODLAND DR",1056.00,S,N,B,-,Y,,,49,,,,,,,Y,4,0,1,1,A,-,08,22107,,N,F,A,A,A,H,-,A,D,0,,,,,Y,,A,07,0,0,1,0,0,0,0,0,0,"- ","- ",37.448369999999997,-119.85021999999999,MARIPOSA,UNINCORPORATED,-119.85022198999999,37.448364939999998
90592253,2017,2017-11-13,9455,2017-11-03,0110,019244,,5,3,9,2200,0,3,5,,2,010,"DARRAH RD","VALLEY VIEW RD",2112.00,W,N,B,-,N,,,,,,,,,,Y,4,0,1,1,A,-,08,22107,,N,F,A,A,A,H,-,D,D,0,,,,,Y,,A,07,0,0,1,0,0,0,0,0,0,"- ","- ",37.292209999999997,-119.51285,MARIPOSA,UNINCORPORATED,-119.860778,37.486242910000001
90592261,2017,2017-11-13,9455,2017-11-05,0835,021143,,7,1,9,2200,0,1,3,,1,005,SR-49,"TRIANGLE RD",627.00,N,N,B,-,Y,,,49,,,,,,,Y,2,0,1,1,A,-,08,22107,,N,E,I,A,A,H,-,A,D,0,,,,,Y,,A,07,1,0,0,0,0,0,0,0,0,"- ","- ",37.461550000000003,-119.79573000000001,MARIPOSA,UNINCORPORATED,-119.79571446999999,37.461499510000003
90597218,2017,2017-11-17,9455,2017-11-13,0810,015656,,1,1,9,2200,0,1,3,,1,001,SR-140,"OLD HIGHWAY RD",6864.00,W,N,A,-,Y,,,140,,,,,,,Y,3,0,1,1,A,-,08,22107,,N,E,I,A,A,H,-,A,D,0,,,,,Y,,A,07,0,1,0,0,0,0,0,0,0,"- ","- ",37.394509999999997,-120.1476,MARIPOSA,UNINCORPORATED,-120.14753957000001,37.394450310000003
90601095,2017,2017-12-15,9425,2017-10-17,1816,017403,,2,2,9,2200,0,1,3,,1,054,SR-132,"PINEY CREEK RD",1584.00,W,N,A,-,Y,,,132,,,,,,,Y,1,2,1,1,A,-,01,23152,A,N,F,A,A,A,H,-,A,D,0,,,,,Y,Y,A,08,0,1,0,0,0,0,0,0,0,"- ","- ",37.70308,-120.30014,MARIPOSA,UNINCORPORATED,-120.30013717,37.703084779999998