CASE_ID,ACCIDENT_YEAR,PROC_DATE,JURIS,COLLISION_DATE,COLLISION_TIME,OFFICER_ID,REPORTING_DISTRICT,DAY_OF_WEEK,CHP_SHIFT,POPULATION,CNTY_CITY_LOC,SPECIAL_COND,BEAT_TYPE,CHP_BEAT_TYPE,CITY_DIVISION_LAPD,CHP_BEAT_CLASS,BEAT_NUMBER,PRIMARY_RD,SECONDARY_RD,DISTANCE,DIRECTION,INTERSECTION,WEATHER_1,WEATHER_2,STATE_HWY_IND,CALTRANS_COUNTY,CALTRANS_DISTRICT,STATE_ROUTE,ROUTE_SUFFIX,POSTMILE_PREFIX,POSTMILE,LOCATION_TYPE,RAMP_INTERSECTION,SIDE_OF_HWY,TOW_AWAY,COLLISION_SEVERITY,NUMBER_KILLED,NUMBER_INJURED,PARTY_COUNT,PRIMARY_COLL_FACTOR,PCF_CODE_OF_VIOL,PCF_VIOL_CATEGORY,PCF_VIOLATION,PCF_VIOL_SUBSECTION,HIT_AND_RUN,TYPE_OF_COLLISION,MVIW,PED_ACTION,ROAD_SURFACE,ROAD_COND_1,ROAD_COND_2,LIGHTING,CONTROL_DEVICE,CHP_ROAD_TYPE,PEDESTRIAN_ACCIDENT,BICYCLE_ACCIDENT,MOTORCYCLE_ACCIDENT,TRUCK_ACCIDENT,NOT_PRIVATE_PROPERTY,ALCOHOL_INVOLVED,STWD_VEHTYPE_AT_FAULT,CHP_VEHTYPE_AT_FAULT,COUNT_SEVERE_INJ,COUNT_VISIBLE_INJ,COUNT_COMPLAINT_PAIN,COUNT_PED_KILLED,COUNT_PED_INJURED,COUNT_BICYCLIST_KILLED,COUNT_BICYCLIST_INJURED,COUNT_MC_KILLED,COUNT_MC_INJURED,PRIMARY_RAMP,SECONDARY_RAMP,LATITUDE,LONGITUDE,COUNTY,CITY,POINT_X,POINT_Y
90605509,2017,2017-11-29,9455,2017-11-25,1630,019417,,6,2,9,2200,0,1,3,,1,005,SR-49,"HARRIS RD",5808.00,N,N,B,-,Y,,,,,,,,,,Y,3,0,1,1,A,-,08,22107,,N,E,I,A,A,H,-,A,D,0,,,,,Y,,A,01,0,1,0,0,0,0,0,0,0,"- ","- ",37.443950000000001,-119.7467,MARIPOSA,UNINCORPORATED,-119.74399726,37.444428969999997
90613489,2017,2017-12-11,9455,2017-12-01,1705,018215,,5,2,9,2200,0,1,3,,1,002,SR-140,"COAKLEY CIR",105.00,W,N,A,-,Y,,,,,,,,,,N,4,0,1,2,A,-,09,21804,A,N,D,C,A,A,H,-,B,A,0,,,,,Y,,D,22,0,0,1,0,0,0,0,0,0,"- ","- ",37.29251,-119.58163999999999,MARIPOSA,UNINCORPORATED,-119.97150024,37.490852060000002
90620535,2017,2017-12-19,9455,2017-12-13,0745,015656,,3,1,9,2200,0,1,3,,1,003,SR-140,"BRICEBURG RD.",15312.00,E,N,A,-,Y,,,140,,,,,,,Y,1,1,0,1,A,-,03,22350,,N,E,I,A,C,H,-,A,D,0,,,,,Y,,D,22,0,0,0,0,0,0,0,0,0,"- ","- ",37.632750000000001,-119.93581,MARIPOSA,UNINCORPORATED,-119.93583633,37.632775430000002
90628858,2017,2017-12-28,9455,2017-12-22,1320,021563,,5,1,9,2200,0,3,5,,2,009,"W. WHITLOCK",SR-49,11616.00,E,N,A,-,N,,,,,,,,,,Y,2,0,1,1,A,-,03,22350,,N,E,I,A,C,H,-,A,D,0,,,,,Y,,A,01,1,0,0,0,0,0,0,0,0,"- ","- ",37.528939999999999,-120.00924999999999,MARIPOSA,UNINCORPORATED,-120.00915255,37.528542440000003
90631826,2017,2018-01-03,9455,2017-12-29,1430,021295,,5,2,9,2200,0,3,5,,2,010,"E. WESTFALL ROAD","SMITHERS RD",0.00,,Y,A,-,N,,,,,,,,,,Y,4,0,1,2,A,-,09,21800,B,N,A,C,A,A,H,-,A,D,0,,,,,Y,,A,01,0,0,1,0,0,0,0,0,0,"- ","- ",37.500999999999998,-119.8065,MARIPOSA,UNINCORPORATED,-119.80642,37.501049960000003
90647182,2018,2018-01-25,9455,2018-01-23,1330,015656,,2,1,9,2200,0,3,5,,2,010,"HARRIS CUT-OFF RD.","SPECKLED CT.",570.00,N,N,A,-,N,,,,,,,,,,N,2,0,1,1,A,-,03,22350,,N,E,I,A,A,H,-,A,D,0,,Y,,,Y,,L,04,1,0,0,0,0,0,1,0,0,"- ","- ",37.467350006103516,-119.73838043212891,MARIPOSA,UNINCORPORATED,-119.73838043212891,37.467178344726562
90655706,2018,2018-02-06,9455,2018-01-31,0825,018088,,3,1,9,2200,0,1,3,,1,002,SR-140,"7TH ST",20.00,W,N,A,-,Y,,,140,,,,,,,N,4,0,1,2,A,-,03,22350,,N,C,C,A,A,H,-,A,A,0,,,,,Y,,-,98,0,0,1,0,0,0,0,0,0,"- ","- ",37.485610961914062,-119.96600341796875,MARIPOSA,UNINCORPORATED,-119.96601867675781,37.485588073730469
90668682,2018,2018-02-23,9455,2018-02-17,1935,020097,,6,2,9,2200,0,1,3,,1,002,SR-140,"5TH ST",40.00,W,N,A,-,Y,,,,,,,,,,N,3,0,3,3,A,-,03,22350,,N,C,C,A,A,H,-,C,D,0,,,,,Y,,D,22,0,1,2,0,0,0,0,0,0,"- ","- ",,,MARIPOSA,UNINCORPORATED,-119.96489715576172,37.484336853027344
90669232,2018,2018-02-26,9425,2018-02-21,2330,017461,,3,3,9,2200,0,3,5,,1,005,"GREELEY HILL RD","OLD GREELEY HILL ROAD",5808.00,W,N,A,-,N,,,,,,,,,,Y,2,0,4,1,A,-,08,22107,,N,E,I,A,A,H,-,D,D,0,,,,,Y,,A,07,2,0,2,0,0,0,0,0,0,"- ","- ",37.733501434326172,-120.18769836425781,MARIPOSA,UNINCORPORATED,-120.17844390869141,37.737953186035156
90673201,2018,2018-03-01,9455,2018-02-23,0900,018088,,5,1,9,2200,0,1,3,,1,001,SR-140,"MILLER RD",3168.00,W,N,B,-,Y,,,,,,,,,,Y,4,0,3,2,A,-,03,22350,,N,A,C,A,C,H,-,A,D,0,,,,,Y,,D,22,0,0,3,0,0,0,0,0,0,"- ","- ",,,MARIPOSA,UNINCORPORATED,-119.96956634521484,37.488849639892578
90687130,2018,2018-03-21,9455,2018-03-12,1420,021295,,1,2,9,2200,0,1,3,,1,002,"SR-140 E/B","BRICEBURG ROAD",10560.00,W,N,A,-,Y,,,140,,,,,,E,Y,2,0,1,1,A,-,01,23152,A,N,E,I,A,A,H,-,A,D,0,,,,,Y,Y,D,22,1,0,0,0,0,0,0,0,0,"- ","- ",37.584598541259766,-119.96199798583984,MARIPOSA,UNINCORPORATED,-119.96172332763672,37.584690093994141
90689782,2018,2018-03-26,9425,2018-03-23,0552,016886,,5,3,9,2200,0,3,5,,1,005,"RANCHITO DRIVE","CARRILLO WAY",212.00,W,N,A,-,N,,,,,,,,,,Y,2,0,1,1,A,-,03,22350,,N,E,I,A,A,C,G,D,A,0,,,,,Y,,D,22,1,0,0,0,0,0,0,0,0,"- ","- ",37.630470275878906,-120.35350036621094,MARIPOSA,UNINCORPORATED,-120.35348510742188,37.6304931640625
90709455,2018,2018-04-19,9455,2018-04-13,1705,021563,,5,2,9,2200,0,1,3,,1,005,SR-49,"SILVA RD",0.00,,Y,A,-,Y,,,49,,,,,,,Y,3,0,3,3,A,-,09,21801,A,N,D,C,A,A,H,-,A,A,0,,,,,Y,,D,22,0,1,2,0,0,0,0,0,0,"- ","- ",37.460121154785156,-119.901123046875,MARIPOSA,UNINCORPORATED,-119.90109252929688,37.4600830078125
90725870,2018,2018-05-14,9425,2018-05-06,1055,017403,,7,1,9,2200,0,3,5,,1,005,"MERCED FALLS RD","CORONADO DR",10560.00,S,N,A,-,N,,,,,,,,,,Y,2,0,2,2,A,-,03,22350,,N,C,C,A,A,A,D,A,A,0,,,Y,,Y,,C,02,1,0,1,0,0,0,0,0,2,"- ","- ",37.599369049072266,-120.30771636962891,MARIPOSA,UNINCORPORATED,-120.30715942382812,37.600692749023438
90726047,2018,2018-06-08,9425,2018-05-07,1528,017403,,1,2,9,2200,0,1,3,,1,053,SR-49,"PENON BLANCO RD",528.00,N,N,A,-,Y,,,49,,,,,,,Y,2,0,2,2,A,-,08,22107,,N,D,C,A,A,H,-,A,D,0,,,Y,,Y,,C,02,2,0,0,0,0,0,0,0,2,"- ","- ",37.736419677734375,-120.23059844970703,MARIPOSA,UNINCORPORATED,-120.23061370849609,37.736396789550781
90730501,2018,2018-07-09,9455,2018-05-07,1115,020097,,1,1,9,2200,0,1,3,,1,002,SR-140,"PONDEROSA WAY",1166.00,W,N,A,-,Y,,,,,,,,,,Y,1,1,0,2,A,-,09,21804,A,N,D,C,A,A,H,-,A,D,0,,,,Y,Y,,D,22,0,0,0,0,0,0,0,0,0,"- ","- ",37.333278656005859,-119.5555419921875,MARIPOSA,UNINCORPORATED,-119.93845367431641,37.563011169433594
90736938,2018,2018-05-30,9455,2018-05-24,1700,018215,,4,2,9,2200,0,3,5,,2,010,"SILVA RD","CARLETON RD",300.00,W,N,A,-,N,,,,,,,,,,Y,3,0,2,1,A,-,08,22107,,N,F,A,A,A,H,-,A,D,0,,,,,Y,,A,07,0,2,0,0,0,0,0,0,0,"- ","- ",37.282939910888672,-119.535888671875,MARIPOSA,UNINCORPORATED,-119.89971160888672,37.475250244140625
90741040,2018,2018-06-05,9455,2018-05-29,1700,018215,,2,2,9,2200,0,3,5,,2,010,"OLD HWY","GUADALUPE FIRE RD",10560.00,W,N,A,-,N,,,,,,,,,,Y,3,0,1,1,A,-,08,22107,,N,E,I,A,A,H,-,A,D,0,,,,,Y,Y,D,22,0,1,0,0,0,0,0,0,0,"- ","- ",37.402801513671875,-120.03009796142578,MARIPOSA,UNINCORPORATED,-120.03829193115234,37.398483276367188
90744024,2018,2018-06-08,9455,2018-06-01,0740,021143,,5,1,9,2200,0,1,3,,1,002,SR-140,"COAKLEY CIR",68.00,W,N,A,-,Y,,,140,,,,,,,Y,4,0,2,2,A,-,09,21804,A,N,D,C,A,A,H,-,A,D,0,,,,,Y,,A,01,0,0,2,0,0,0,0,0,0,"- ","- ",37.490440368652344,-119.97123718261719,MARIPOSA,UNINCORPORATED,-119.97122192382812,37.490451812744141
90747701,2018,2018-06-13,9455,2018-06-08,1900,018215,,5,2,9,2200,0,1,3,,1,001,"SR-140 E/B","MILES CREEK CROSSING",1056.00,W,N,A,-,Y,,,,,,,,,,Y,4,0,1,1,A,-,07,21658,A,N,E,I,A,A,H,-,A,D,0,,,,,Y,,A,01,0,0,1,0,0,0,0,0,0,"- ","- ",37.212131500244141,-120.1134033203125,MARIPOSA,UNINCORPORATED,,
90748813,2018,2018-06-15,9455,2018-06-09,1030,018088,,6,1,9,2200,0,1,3,,1,001,SR-140,"MCCORRY ROAD",13200.00,E,N,A,-,Y,,,,,,,,,,Y,3,0,1,1,A,-,08,22107,,N,E,I,A,A,H,-,A,D,0,,,,,Y,,A,07,0,1,0,0,0,0,0,0,0,"- ","- ",,,MARIPOSA,UNINCORPORATED,,
90752385,2018,2018-06-20,9455,2018-06-18,1550,021563,,1,2,9,2200,0,1,3,,1,003,SR-140,"EL PORTAL RD",0.00,,Y,A,-,Y,,,140,,,,,,,N,3,0,1,2,A,-,03,22350,,N,C,C,A,A,H,-,A,A,0,,,Y,,Y,,C,02,0,1,0,0,0,0,0,0,1,"- ","- ",37.672988891601562,-119.78568267822266,MARIPOSA,UNINCORPORATED,-119.78568267822266,37.672992706298828
90752435,2018,2018-06-20,9455,2018-06-10,2214,019237,,7,3,9,2200,0,1,3,,1,004,"STATE HIGHWAY 49 NORTH","W. WHITLOCK ROAD",500.00,N,N,A,-,Y,,,,,,,,,,Y,3,0,1,1,A,-,03,22350,,N,E,I,A,A,H,-,D,D,0,,,,,Y,,A,01,0,1,0,0,0,0,0,0,0,"- ","- ",37.398269653320312,-119.11028289794922,MARIPOSA,UNINCORPORATED,-120.00325775146484,37.506999969482422
90755645,2018,2018-06-26,9455,2018-06-14,0815,021228,,4,1,9,2200,0,1,3,,1,005,SR-49,"STOCKTON CREEK RD",10.00,N,N,A,-,Y,,,49,,,,,,,N,4,0,1,3,A,-,03,22350,,N,C,C,A,A,H,-,A,D,0,,,,,Y,,D,22,0,0,1,0,0,0,0,0,0,"- ","- ",37.468738555908203,-119.95004272460938,MARIPOSA,UNINCORPORATED,-119.94996643066406,37.468765258789062
90760006,2018,2018-06-29,9455,2018-06-28,1510,021295,,4,2,9,2200,0,1,3,,1,002,SR-140,"OLD HWY N",130.00,W,N,A,-,Y,,,140,,,,,,,Y,4,0,1,2,A,-,05,21460,A,N,A,C,A,A,H,-,A,D,0,,,,,Y,,A,01,0,0,1,0,0,0,0,0,0,"- ","- ",37.501258850097656,-119.9688720703125,MARIPOSA,UNINCORPORATED,-119.96887969970703,37.501270294189453
90761807,2018,2018-07-03,9455,2018-06-23,1340,021228,,6,1,9,2200,0,1,3,,1,003,SR-140,"INCLINE RD",70.00,W,N,A,-,Y,,,140,,,,,,,Y,4,0,2,2,A,-,12,21453,A,N,A,C,A,A,H,-,A,A,0,,,,,Y,,A,01,0,0,2,0,0,0,0,0,0,"- ","- ",37.659770965576172,-119.90048217773438,MARIPOSA,UNINCORPORATED,-119.90100860595703,37.659736633300781
90765891,2018,2018-07-10,9455,2018-07-07,0820,020377,,6,1,9,2200,0,1,3,,1,002,"STATE HIGHWAY 140","STATE HIGHWAY 49",475.00,E,N,A,-,Y,,,140,,,,,,,N,4,0,2,2,A,-,03,22350,,N,C,C,A,A,H,-,A,D,0,,,,,Y,,A,08,0,0,2,0,0,0,0,0,0,"- ","- ",37.494831085205078,-119.97354888916016,MARIPOSA,UNINCORPORATED,-119.97353363037109,37.494831085205078
90767323,2018,2018-07-11,9425,2018-07-05,2330,016886,,4,3,9,2200,0,3,5,,1,005,"FISKE ROAD","SHY FOX LANE",25.00,S,N,A,-,N,,,,,,,,,,Y,3,0,1,1,A,-,08,22107,,N,E,I,A,A,H,-,D,A,0,,,,,Y,,A,07,0,1,0,0,0,0,0,0,0,"- ","- ",37.748878479003906,-120.135009765625,MARIPOSA,UNINCORPORATED,-120.13499450683594,37.749050140380859
90767354,2018,2018-07-11,9456,2018-07-02,0742,017165,,1,1,9,2200,0,1,3,,1,052,"STATE HIGHWAY 41","PINE AVE",3168.00,N,N,A,-,Y,,,41,,,,,,,Y,3,0,1,1,A,-,08,22107,,N,E,I,A,A,H,-,A,D,0,,,Y,,Y,,C,02,0,1,0,0,0,0,0,0,1,"- ","- ",37.490150451660156,-119.63098907470703,MARIPOSA,UNINCORPORATED,-119.63108825683594,37.490123748779297
90772189,2018,2018-07-18,9455,2018-07-09,2030,021563,,1,2,9,2200,0,3,5,,2,009,"HORNITOS RD","LA PALOMA RD",1580.00,W,N,A,-,N,,,,,,,,,,Y,2,0,1,1,A,-,03,22350,,N,E,I,A,A,H,-,B,D,0,,,Y,,Y,,C,02,1,0,0,0,0,0,0,0,1,"- ","- ",37.482410430908203,-120.27792358398438,MARIPOSA,UNINCORPORATED,-120.27768707275391,37.482421875
90797373,2018,2018-08-24,9455,2018-08-17,2250,019237,,5,3,9,2200,0,3,5,,2,010,"BEN HUR ROAD","STATE HIGHWAY 49 SOUTH",2640.00,S,N,A,-,N,,,,,,,,,,Y,3,0,2,1,A,-,01,23152,A,N,E,I,A,A,H,-,D,D,0,,,,,Y,Y,A,07,0,2,0,0,0,0,0,0,0,"- ","- ",37.454830169677734,-119.94641876220703,MARIPOSA,UNINCORPORATED,-119.94633483886719,37.455707550048828
90797591,2018,2018-08-24,9425,2018-08-19,2230,017403,,7,3,9,2200,0,3,5,,1,005,"SMITH STATION RD","RED FLAT RD",1056.00,E,N,A,-,N,,,,,,,,,,Y,4,0,2,1,A,-,08,22107,,N,E,I,A,A,H,-,D,D,0,,,,,Y,,A,01,0,0,2,0,0,0,0,0,0,"- ","- ",37.768558502197266,-120.10626220703125,MARIPOSA,UNINCORPORATED,-120.10620880126953,37.768539428710938
90804587,2018,2018-09-04,9455,2018-08-28,1620,021295,,2,2,9,2200,0,1,3,,1,002,SR-140,"OAK DR.",200.00,W,N,A,-,Y,,,140,,,,,,,Y,3,0,2,2,A,-,03,22350,,N,C,C,A,A,H,-,A,D,0,,,,,Y,,A,07,0,2,0,0,0,0,0,0,0,"- ","- ",37.556331634521484,-119.93064117431641,MARIPOSA,UNINCORPORATED,-119.93065643310547,37.556278228759766
90805308,2018,2018-09-04,9425,2018-08-28,1742,016886,,2,2,9,2200,0,1,3,,1,053,SR-49,"CROWN LEAD ROAD",8976.00,S,N,A,-,Y,,,49,,,,,,,Y,3,0,1,1,A,-,08,22107,,N,F,A,A,A,H,-,A,A,0,,,,,Y,,A,01,0,1,0,0,0,0,0,0,0,"- ","- ",37.676910400390625,-120.16581726074219,MARIPOSA,UNINCORPORATED,-120.1658935546875,37.676975250244141
90806683,2018,2018-09-06,9455,2018-09-02,1510,021563,,7,2,9,2200,0,3,5,,2,009,"DARRAH RD","BOOTJACK LN",815.00,E,N,A,-,N,,,,,,,,,,Y,3,0,1,1,A,-,08,22107,,N,E,I,A,A,H,-,A,D,0,,,,,Y,,A,01,0,1,0,0,0,0,0,0,0,"- ","- ",37.467338562011719,-119.88265228271484,MARIPOSA,UNINCORPORATED,-119.88455963134766,37.466346740722656
90817804,2018,2018-11-15,9425,2018-09-10,0730,017403,,1,1,9,2200,0,1,3,,1,053,SR-49,"MERCED ST",0.00,,Y,A,-,Y,,,,,,,,,,Y,3,0,2,2,A,-,09,21802,A,N,D,C,A,A,H,-,A,A,0,,,,Y,Y,,A,01,0,2,0,0,0,0,0,0,0,"- ","- ",37.710109710693359,-120.22486114501953,MARIPOSA,UNINCORPORATED,-120.19715118408203,37.710670471191406
90818848,2018,2018-09-21,9455,2018-09-20,1005,021228,,4,1,9,2200,0,3,5,,2,010,"6TH ST",SR-140,0.00,,Y,A,-,Y,,,,,,,,,,N,3,0,1,2,A,-,10,21950,A,N,G,B,B,A,H,-,A,D,0,Y,,,,Y,,A,07,0,1,0,0,1,0,0,0,0,"- ","- ",37.485008239746094,-119.96539306640625,MARIPOSA,UNINCORPORATED,-119.96543121337891,37.484928131103516
90820174,2018,2018-09-24,9425,2018-09-16,0400,017403,,7,3,9,2200,0,1,3,,1,054,SR-132,"HORSESHOE BEND",10560.00,E,N,A,-,Y,,,132,,,,,,,Y,4,0,2,1,A,-,08,22107,,N,E,I,A,A,H,-,D,D,0,,,,,Y,,A,01,0,0,2,0,0,0,0,0,0,"- ","- ",37.713260650634766,-120.21054840087891,MARIPOSA,UNINCORPORATED,-120.21055603027344,37.713184356689453
90820956,2018,2018-09-25,9425,2018-09-21,1315,016886,,5,1,9,2200,0,1,3,,1,053,SR-49,"SCHILLING ROAD",2640.00,S,N,A,-,Y,,,49,,,,,,,Y,2,0,1,1,A,-,08,22107,,N,E,I,A,A,H,-,A,D,0,,,Y,,Y,,C,02,1,0,0,0,0,0,0,0,1,"- ","- ",37.654819488525391,-120.14936065673828,MARIPOSA,UNINCORPORATED,-120.14944458007812,37.654819488525391
90821863,2018,2018-09-26,9455,2018-09-22,0100,021143,,6,3,9,2200,0,3,5,,2,009,"MT BULLION CUTOFF RD",SR-49,1056.00,W,N,A,-,N,,,,,,,,,,Y,4,0,1,1,A,-,08,22107,,N,E,I,A,A,H,-,D,D,0,,,,,Y,,D,22,0,0,1,0,0,0,0,0,0,"- ","- ",37.502899169921875,-120.04419708251953,MARIPOSA,UNINCORPORATED,-120.04379272460938,37.503868103027344
90822059,2018,2018-09-26,9455,2018-09-23,1120,018088,,7,1,9,2200,0,3,5,,2,009,"BEAR VALLEY RD","NUMBER NINE ROAD",700.00,W,N,A,-,N,,,,,,,,,,N,4,0,1,1,A,-,08,22107,,N,F,A,A,A,H,-,A,D,0,,Y,,,Y,,L,04,0,0,1,0,0,0,1,0,0,"- ","- ",37.523948669433594,-120.21549224853516,MARIPOSA,UNINCORPORATED,-120.21491241455078,37.524288177490234
90828086,2018,2018-10-03,9455,2018-10-02,0900,015656,,2,1,9,2200,0,3,5,,2,009,"(J-16) HORNITOS RD.","LA PALOMA RD.",2112.00,E,N,B,-,N,,,,,,,,,,Y,3,0,1,1,A,-,08,22107,,N,F,A,A,B,H,-,A,A,0,,,,,Y,,A,01,0,1,0,0,0,0,0,0,0,"- ","- ",37.483451843261719,-120.26651000976562,MARIPOSA,UNINCORPORATED,-120.26603698730469,37.483806610107422
90834098,2018,2018-10-11,9455,2018-10-04,1055,015656,,4,1,9,2200,0,3,5,,2,010,"DARRAH RD","OWL CREEK BRIDGE",310.00,S,N,B,-,N,,,,,,,,,,Y,3,0,1,1,A,-,03,22350,,N,E,I,A,B,H,-,A,A,0,,,,,Y,,D,22,0,1,0,0,0,0,0,0,0,"- ","- ",37.470088958740234,-119.88040924072266,MARIPOSA,UNINCORPORATED,-119.87699127197266,37.472038269042969
90836274,2018,2018-10-15,9455,2018-10-09,0705,015656,,2,1,9,2200,0,1,3,,1,005,SR-49S,"USONA RD.",1584.00,S,N,A,-,Y,,,49,,,,,,,Y,3,0,1,1,A,-,08,22107,,N,F,A,A,A,H,-,A,D,0,,,,,Y,,A,01,0,1,0,0,0,0,0,0,0,"- ","- ",37.455459594726562,-119.81376647949219,MARIPOSA,UNINCORPORATED,-119.81380462646484,37.455562591552734
90839059,2018,2018-10-18,9425,2018-10-12,2222,016886,,5,3,9,2200,0,3,5,,1,005,"GREELEY HILL ROAD","DOGTOWN ROAD (WEST)",2112.00,E,N,A,-,N,,,,,,,,,,Y,2,0,1,1,A,-,01,23152,A,N,E,I,A,A,H,-,D,D,0,,,,,Y,Y,A,07,1,0,0,0,0,0,0,0,0,"- ","- ",37.719268798828125,-120.18721008300781,MARIPOSA,UNINCORPORATED,-120.18734741210938,37.719161987304688
90849455,2018,2018-10-31,9455,2018-10-25,1715,021295,,4,2,9,2200,0,3,5,,2,010,"TRIANGLE RD","DARRAH RD",2112.00,S,N,A,-,N,,,,,,,,,,Y,3,0,1,1,A,-,08,22107,,N,E,I,A,A,H,-,A,D,0,,,,,Y,,A,01,0,1,0,0,0,0,0,0,0,"- ","- ",37.513500213623047,-119.82859802246094,MARIPOSA,UNINCORPORATED,-119.82883453369141,37.514015197753906
90854537,2018,2018-11-06,9455,2018-11-05,0740,020377,,1,1,9,2200,0,1,3,,1,005,"STATE HIGHWAY 49","HARRIS RD",3696.00,N,N,A,-,Y,,,49,,,,,,,Y,3,0,3,2,A,-,03,22350,,N,C,C,A,A,H,-,A,D,0,,,,,Y,,A,01,0,1,2,0,0,0,0,0,0,"- ","- ",37.439109802246094,-119.73873138427734,MARIPOSA,UNINCORPORATED,-119.73868560791016,37.439178466796875
90858793,2018,2018-11-13,9455,2018-11-07,1900,021295,,3,2,9,2200,0,1,3,,1,005,SR-49,"JENNY LANE",2640.00,N,N,A,-,Y,,,49,,,,,,,N,3,0,1,2,A,-,03,22350,,N,C,C,A,A,H,-,D,D,0,,,,,Y,,D,22,0,1,0,0,0,0,0,0,0,"- ","- ",37.460071563720703,-119.92964935302734,MARIPOSA,UNINCORPORATED,-119.92965698242188,37.459976196289062
90860503,2018,2018-11-15,9455,2018-11-09,2130,021228,,5,2,9,2200,0,1,3,,1,002,"SR-140 W/B","8TH ST",10.00,E,N,A,-,Y,,,140,,,,,,W,N,4,0,1,2,A,-,10,21950,A,N,G,B,B,A,H,-,D,D,0,Y,,,,Y,,D,22,0,0,1,0,1,0,0,0,0,"- ","- ",37.487171173095703,-119.96781921386719,MARIPOSA,UNINCORPORATED,-119.9677734375,37.487224578857422
90866303,2018,2018-11-26,9455,2018-11-22,0845,015656,,4,1,9,2200,0,3,5,,2,010,"DARRAH RD.","COLE RD.",1056.00,N,N,C,-,N,,,,,,,,,,Y,3,0,1,1,A,-,08,22107,,N,E,I,A,B,H,-,A,D,0,,,,,Y,,A,07,0,1,0,0,0,0,0,0,0,"- ","- ",37.466949462890625,-119.88363647460938,MARIPOSA,UNINCORPORATED,-119.88363647460938,37.466831207275391
90872832,2018,2018-12-03,9425,2018-11-22,1240,017461,,4,1,9,2200,0,1,3,,1,053,SR-49,"CROWN LEAD RD",14256.00,S,N,C,-,Y,,,49,,,,,,,Y,3,0,1,1,A,-,08,22107,,N,F,A,A,B,H,-,A,D,0,,,,,Y,,A,01,0,1,0,0,0,0,0,0,0,"- ","- ",37.670860290527344,-120.1591796875,MARIPOSA,UNINCORPORATED,-120.15907287597656,37.670890808105469
90879400,2018,2018-12-10,9425,2018-12-01,0930,016886,,6,1,9,2200,0,3,5,,1,005,"ERNST ROAD","HOLTZEL ROAD",1584.00,S,N,B,D,N,,,,,,,,,,Y,3,0,1,1,A,-,08,22107,,N,E,I,A,C,H,-,A,D,0,,,,,Y,,A,07,0,1,0,0,0,0,0,0,0,"- ","- ",37.727390289306641,-120.1246337890625,MARIPOSA,UNINCORPORATED,-120.12432861328125,37.728725433349609
90887443,2018,2018-12-20,9455,2018-12-13,0320,019244,,4,3,9,2200,0,1,3,,1,001,"RT 140","ELIZABETH LN",1584.00,E,N,A,-,Y,,,,,,,,,,Y,4,0,1,1,A,-,01,23152,A,N,E,I,A,A,H,-,D,D,0,,,,,Y,Y,D,22,0,0,1,0,0,0,0,0,0,"- ","- ",37.281368255615234,-120.42825317382812,MARIPOSA,UNINCORPORATED,-120.06972503662109,37.460468292236328
90888017,2018,2018-12-21,9455,2018-12-20,1710,018215,,4,2,9,2200,0,1,3,,1,002,SR-140,"4TH ST",20.00,E,N,A,-,Y,,,140,,,,,,,Y,4,0,1,2,A,-,03,22350,,N,C,C,A,A,H,-,C,D,0,,,,,Y,,A,01,0,0,1,0,0,0,0,0,0,"- ","- ",37.483718872070312,-119.96434783935547,MARIPOSA,UNINCORPORATED,-119.96430969238281,37.483753204345703
90895620,2018,2019-01-02,9425,2018-12-21,1545,017461,,5,2,9,2200,0,3,5,,1,005,"GREELEY HILL RD","PRIEST COULTERVILLE RD",528.00,E,N,A,-,N,,,,,,,,,,Y,4,0,2,2,A,-,08,22107,,N,B,C,A,A,H,-,A,D,0,,,,,Y,,D,22,0,0,2,0,0,0,0,0,0,"- ","- ",37.735851287841797,-120.18443298339844,MARIPOSA,UNINCORPORATED,-120.18682098388672,37.735149383544922
90898074,2018,2019-01-04,9455,2018-12-24,2041,018939,,1,2,9,2200,0,1,3,,1,001,SR-140,"MT BULLION CUTOFF RD",0.00,,Y,C,-,Y,,,140,,,,,,,Y,3,0,6,2,A,-,08,22107,,N,A,C,A,B,H,-,D,D,0,,,,,Y,,A,07,0,6,0,0,0,0,0,0,0,"- ","- ",37.478969573974609,-120.06553649902344,MARIPOSA,UNINCORPORATED,-120.06553649902344,37.478965759277344