CASE_ID,ACCIDENT_YEAR,PROC_DATE,JURIS,COLLISION_DATE,COLLISION_TIME,OFFICER_ID,REPORTING_DISTRICT,DAY_OF_WEEK,CHP_SHIFT,POPULATION,CNTY_CITY_LOC,SPECIAL_COND,BEAT_TYPE,CHP_BEAT_TYPE,CITY_DIVISION_LAPD,CHP_BEAT_CLASS,BEAT_NUMBER,PRIMARY_RD,SECONDARY_RD,DISTANCE,DIRECTION,INTERSECTION,WEATHER_1,WEATHER_2,STATE_HWY_IND,CALTRANS_COUNTY,CALTRANS_DISTRICT,STATE_ROUTE,ROUTE_SUFFIX,POSTMILE_PREFIX,POSTMILE,LOCATION_TYPE,RAMP_INTERSECTION,SIDE_OF_HWY,TOW_AWAY,COLLISION_SEVERITY,NUMBER_KILLED,NUMBER_INJURED,PARTY_COUNT,PRIMARY_COLL_FACTOR,PCF_CODE_OF_VIOL,PCF_VIOL_CATEGORY,PCF_VIOLATION,PCF_VIOL_SUBSECTION,HIT_AND_RUN,TYPE_OF_COLLISION,MVIW,PED_ACTION,ROAD_SURFACE,ROAD_COND_1,ROAD_COND_2,LIGHTING,CONTROL_DEVICE,CHP_ROAD_TYPE,PEDESTRIAN_ACCIDENT,BICYCLE_ACCIDENT,MOTORCYCLE_ACCIDENT,TRUCK_ACCIDENT,NOT_PRIVATE_PROPERTY,ALCOHOL_INVOLVED,STWD_VEHTYPE_AT_FAULT,CHP_VEHTYPE_AT_FAULT,COUNT_SEVERE_INJ,COUNT_VISIBLE_INJ,COUNT_COMPLAINT_PAIN,COUNT_PED_KILLED,COUNT_PED_INJURED,COUNT_BICYCLIST_KILLED,COUNT_BICYCLIST_INJURED,COUNT_MC_KILLED,COUNT_MC_INJURED,PRIMARY_RAMP,SECONDARY_RAMP,LATITUDE,LONGITUDE,COUNTY,CITY,POINT_X,POINT_Y
90898635,2018,2019-01-07,9455,2018-12-29,1545,021295,,6,2,9,2200,0,3,5,,2,009,"SMITH RD",SR-49,325.00,E,N,A,-,N,,,,,,,,,,Y,3,0,1,1,A,-,08,22107,,N,E,I,A,A,H,-,A,D,0,,,,,Y,,A,07,0,1,0,0,0,0,0,0,0,"- ","- ",37.496810913085938,-119.97971343994141,MARIPOSA,UNINCORPORATED,-119.97980499267578,37.496829986572266
90931996,2019,2019-02-22,9425,2019-02-14,1110,016886,,4,1,9,2200,0,3,5,,1,005,"GREELEY HILL ROAD","BEAN CREEK LANE",263.00,W,N,C,G,N,,,,,,,,,,Y,2,0,1,1,C,-,18,,,N,H,J,A,B,H,-,A,D,0,,,,,Y,,-,"- ",1,0,0,0,0,0,0,0,0,"- ","- ",37.743278503417969,-120.13139343261719,MARIPOSA,UNINCORPORATED,-120.13133239746094,37.743331909179688
90932225,2019,2019-02-22,9455,2019-01-29,1305,015656,,2,1,9,2200,0,1,3,,1,005,SR-49S,"WASS RD.",2376.00,N,N,A,-,Y,,,49,,,,,,,Y,1,1,1,2,A,-,08,22107,,N,A,C,A,A,H,-,A,D,0,,,,Y,Y,,A,07,1,0,0,0,0,0,0,0,0,"- ","- ",37.445621490478516,-119.84013366699219,MARIPOSA,UNINCORPORATED,-119.84015655517578,37.4456787109375
90948204,2019,2019-03-18,9455,2019-03-08,2135,021563,,5,2,9,2200,0,1,3,,1,004,SR-49,"DRUNKEN GULCH RD",2112.00,N,N,A,-,Y,,,49,,,,,,,Y,3,0,4,1,A,-,08,22107,,N,E,I,A,A,H,-,D,D,0,,,,,Y,,A,07,0,1,3,0,0,0,0,0,0,"- ","- ",37.589359283447266,-120.12245178222656,MARIPOSA,UNINCORPORATED,-120.12248992919922,37.589332580566406
90972643,2019,2019-04-22,9455,2019-04-12,1110,015656,,5,1,9,2200,0,1,3,,1,005,SR-49,"HIRSCH RD",0.00,,Y,A,-,Y,,,49,,,,,,,Y,3,0,1,2,A,-,09,21802,A,N,D,C,A,A,H,-,A,A,0,,,,,Y,,D,22,0,1,0,0,0,0,0,0,0,"- ","- ",37.449470520019531,-119.85272979736328,MARIPOSA,UNINCORPORATED,-119.85272979736328,37.449466705322266
90988382,2019,2019-05-14,9455,2019-05-05,0415,017124,,7,3,9,2200,0,3,5,,2,010,"MEADOW LN","TRIANGLE RD",1056.00,N,N,A,-,N,,,,,,,,,,Y,3,0,1,1,A,-,08,22107,,N,E,I,A,A,H,-,D,D,0,,,,,Y,,D,22,0,1,0,0,0,0,0,0,0,"- ","- ",37.266799926757812,-119.54380035400391,MARIPOSA,UNINCORPORATED,-119.82402038574219,37.507289886474609
91011300,2019,2019-06-17,9455,2019-06-06,1130,018088,,4,1,9,2200,0,3,5,,2,010,"SILVER BAR RD","BEN HUR RD",1056.00,S,N,A,-,N,,,,,,,,,,Y,2,0,1,1,A,-,08,22107,,N,E,I,A,A,D,H,A,A,0,,,Y,,Y,,C,02,1,0,0,0,0,0,0,0,1,"- ","- ",37.436309814453125,-119.94116973876953,MARIPOSA,UNINCORPORATED,-119.962890625,37.373088836669922
91020735,2019,2019-06-28,9455,2019-06-23,1900,021563,,7,2,9,2200,0,1,3,,1,003,SR-140,"CRANE CREEK RD",505.00,E,N,A,-,Y,,,140,,,,,,,Y,2,0,1,1,A,-,01,23152,A,N,E,I,A,A,H,-,A,D,0,,,,,Y,Y,A,01,1,0,0,0,0,0,0,0,0,"- ","- ",37.677009582519531,-119.77533721923828,MARIPOSA,UNINCORPORATED,-119.77531433105469,37.676937103271484
91026463,2019,2019-07-08,9455,2019-06-30,0118,021320,,7,3,9,2200,0,3,5,,2,009,"PADDY HILL DR","WHITLOCK ROAD",1056.00,W,N,A,-,N,,,,,,,,,,Y,4,0,1,1,A,-,08,22107,,N,E,I,A,A,H,-,D,D,0,,,,,Y,,D,22,0,0,1,0,0,0,0,0,0,"- ","- ",37.54833984375,-119.99954223632812,MARIPOSA,UNINCORPORATED,-120.00018310546875,37.548404693603516
91027080,2019,2019-07-09,9455,2019-07-04,0010,021295,,4,3,9,2200,0,1,3,,1,003,SR-140,"BRICEBURG ROAD",21120.00,E,N,A,-,Y,,,140,,,,,,,Y,4,0,1,1,A,-,08,22107,,N,E,I,A,A,H,-,D,D,0,,,,,Y,,D,22,0,0,1,0,0,0,0,0,0,"- ","- ",37.644039154052734,-119.92194366455078,MARIPOSA,UNINCORPORATED,-119.92198181152344,37.644084930419922
91027807,2019,2019-07-10,9455,2019-07-02,1900,018215,,2,2,9,2200,0,3,5,,2,009,"BEAR VALLEY RD","HUNTERS VALLEY ACCESS RD",528.00,W,N,A,-,N,,,,,,,,,,Y,3,0,5,3,A,-,03,22350,,N,C,C,E,A,G,-,A,D,0,Y,,,,Y,,D,22,0,4,1,0,0,0,0,0,0,"- ","- ",37.570041656494141,-120.15212249755859,MARIPOSA,UNINCORPORATED,-120.1463623046875,37.585060119628906
91032348,2019,2019-07-17,9455,2019-07-16,2200,021295,,2,3,9,2200,0,1,3,,1,002,SR-140,"BUFFALO GULCH ROAD",2640.00,E,N,A,-,Y,,,140,,,,,,,Y,4,0,1,2,A,-,05,21460,A,N,A,C,A,A,H,-,D,D,0,,,,,Y,,A,01,0,0,1,0,0,0,0,0,0,"- ","- ",37.577400207519531,-119.94979858398438,MARIPOSA,UNINCORPORATED,-119.94981384277344,37.577369689941406
91034468,2019,2019-07-22,9455,2019-07-17,1755,018215,,3,2,9,2200,0,1,3,,1,005,SR-49,"VARAIN RD",1400.00,S,N,A,-,Y,,,49,,,,,,,Y,3,0,1,2,A,-,03,22350,,N,C,C,A,A,H,-,A,D,0,,,,,Y,,A,07,0,1,0,0,0,0,0,0,0,"- ","- ",37.459209442138672,-119.93874359130859,MARIPOSA,UNINCORPORATED,-119.93873596191406,37.459243774414062
91034516,2019,2019-07-22,9455,2019-07-07,1709,021563,,7,2,9,2200,0,3,5,,2,009,"HORNITOS RD","OLD TOLL RD",660.00,W,N,A,-,N,,,,,,,,,,Y,3,0,1,1,A,-,08,22107,,M,E,I,A,A,B,-,A,D,0,,,,,Y,,D,22,0,1,0,0,0,0,0,0,0,"- ","- ",37.491489410400391,-120.14418029785156,MARIPOSA,UNINCORPORATED,-120.14411163330078,37.491531372070312
91050658,2019,2019-08-13,9455,2019-08-07,1200,019237,,3,1,9,2200,0,1,3,,1,005,"STATE HIGHWAY 49 SOUTH","CHOWCHILLA MOUNTAIN RD",1584.00,S,N,A,-,Y,,,49,,,,,,,Y,4,0,1,1,A,-,08,22107,,N,E,I,A,A,H,-,A,D,0,,,,,Y,,A,01,0,0,1,0,0,0,0,0,0,"- ","- ",37.460250854492188,-119.77342224121094,MARIPOSA,UNINCORPORATED,-119.77350616455078,37.460231781005859
91050665,2019,2019-08-13,9455,2019-08-06,2344,017124,,2,3,9,2200,0,1,3,,1,004,"STATE ROUTE 49 NORTH","BEAR VALLEY RD",7392.00,N,N,A,-,Y,,,,,,,,,,Y,3,0,2,1,A,-,08,22107,,N,E,I,A,A,H,-,D,D,0,,,,,Y,,A,07,0,1,1,0,0,0,0,0,0,"- ","- ",37.351600646972656,-120.07270050048828,MARIPOSA,UNINCORPORATED,-120.12409973144531,37.588111877441406
91053260,2019,2019-08-16,9455,2019-08-09,2345,019244,,5,3,9,2200,0,1,3,,1,001,"STATE HIGHWAY 140","MILES CREEK BRIDGE 40.12",2640.00,E,N,A,-,Y,,,140,,,,,,,Y,2,0,3,2,A,-,08,22107,,N,A,C,A,A,H,-,D,D,0,,,,,Y,,A,01,1,1,1,0,0,0,0,0,0,"- ","- ",37.360378265380859,-120.17923736572266,MARIPOSA,UNINCORPORATED,-120.17919921875,37.360332489013672
91057249,2019,2019-08-22,9455,2019-08-20,1630,018215,,2,2,9,2200,0,1,3,,1,001,SR-140,"OLD HWY",3168.00,W,N,A,-,Y,,,140,,,,,,,Y,2,0,1,1,A,-,08,22107,,N,E,I,A,A,H,-,A,D,0,,,Y,,Y,,C,02,1,0,0,0,0,0,0,0,1,"- ","- ",37.397689819335938,-120.13861846923828,MARIPOSA,UNINCORPORATED,-120.13863372802734,37.397724151611328
91069199,2019,2019-09-06,9455,2019-09-05,0800,019237,,4,1,9,2200,0,1,3,,1,004,"STATE HIGHWAY 49 NORTH","JOE HOWARD STREET",1056.00,N,N,A,-,Y,,,49,,,,,,,Y,2,0,1,1,A,-,08,22107,,N,E,I,A,A,H,-,A,D,0,,,,,Y,,A,07,1,0,0,0,0,0,0,0,0,"- ","- ",37.493579864501953,-119.97736358642578,MARIPOSA,UNINCORPORATED,-119.97728729248047,37.493694305419922
91073922,2019,2019-09-13,9455,2019-09-08,1310,019244,,7,1,9,2200,0,1,3,,1,004,"STATE HIGHWAY 49","FOURNIER RD",500.00,N,N,A,-,Y,,,49,,,,,,,Y,4,0,1,1,A,-,08,22107,,N,F,A,A,A,H,-,A,D,0,,,,,Y,,A,07,0,0,1,0,0,0,0,0,0,"- ","- ",37.506008148193359,-120.00626373291016,MARIPOSA,UNINCORPORATED,-120.00628662109375,37.506088256835938
91077066,2019,2019-09-18,9455,2019-09-11,2155,021295,,3,2,9,2200,0,1,3,,1,005,SR-49,"BEN HUR RD",325.00,S,N,A,-,Y,,,49,,,,,,,Y,3,0,1,1,A,-,01,23152,A,N,E,I,A,A,H,-,D,D,0,,,,,Y,Y,A,01,0,1,0,0,0,0,0,0,0,"- ","- ",37.462001800537109,-119.94640350341797,MARIPOSA,UNINCORPORATED,-119.94637298583984,37.4620361328125
91083234,2019,2019-09-25,9455,2019-09-15,1930,018939,,7,2,9,2200,0,1,3,,1,001,SR-140,"INDIAN GULCH RD",0.00,,Y,A,-,Y,,,140,,,,,,,Y,3,0,1,2,A,-,08,22100,B,N,C,C,A,A,H,-,D,D,0,,,,,Y,,A,01,0,1,0,0,0,0,0,0,0,"- ","- ",37.408309936523438,-120.12654113769531,MARIPOSA,UNINCORPORATED,-120.12651062011719,37.408287048339844
91092047,2019,2019-10-07,9455,2019-09-29,1820,021563,,7,2,9,2200,0,3,5,,2,009,"TRIANGLE RD","BUCKINGHAM MNT RD",2112.00,S,N,A,-,N,,,,,,,,,,Y,4,0,1,1,A,-,08,22107,,N,E,I,A,A,H,-,B,D,0,,,,,Y,,A,01,0,0,1,0,0,0,0,0,0,"- ","- ",37.518749237060547,-119.91754913330078,MARIPOSA,UNINCORPORATED,-119.91748046875,37.518707275390625
91096318,2019,2019-10-14,9455,2019-10-03,1210,016876,,4,1,9,2200,0,1,3,,1,001,SR-140,"7TH ST",162.00,E,N,A,-,Y,,,140,,,,,,,Y,3,0,2,3,A,-,03,22350,,N,C,C,A,A,H,-,A,D,0,,,,,Y,,A,07,0,2,0,0,0,0,0,0,0,"- ","- ",37.48590087890625,-119.96640014648438,MARIPOSA,UNINCORPORATED,-119.96636199951172,37.485935211181641
91097442,2019,2019-10-15,9425,2019-10-08,1735,017403,,2,2,9,2200,0,3,5,,1,005,"MERCED FALLS RD","CORONADO DR",13200.00,S,N,A,-,N,,,,,,,,,,Y,4,0,1,1,A,-,08,22107,,N,E,I,A,A,H,-,A,D,0,,,,,Y,,A,01,0,0,1,0,0,0,0,0,0,"- ","- ",37.587791442871094,-120.30690002441406,MARIPOSA,UNINCORPORATED,-120.30799102783203,37.593605041503906
91100440,2019,2019-10-18,9455,2019-09-13,1325,021563,,5,1,9,2200,0,3,5,,2,010,"KIMBLE RD",SR-49,457.00,N,N,A,-,N,,,,,,,,,,N,1,1,0,1,A,-,01,23152,A,N,F,A,A,A,H,-,A,D,0,,,,,Y,Y,M,96,0,0,0,0,0,0,0,0,0,"- ","- ",37.445419311523438,-119.74771118164062,MARIPOSA,UNINCORPORATED,-119.75433349609375,37.447948455810547
91114051,2019,2019-11-05,9425,2019-10-31,2000,016886,,4,2,9,2200,0,3,5,,1,005,"GREELEY HILL ROAD","CONVERSE ROAD",350.00,E,N,A,-,N,,,,,,,,,,Y,3,0,1,1,A,-,08,22107,,N,E,I,A,A,H,-,D,D,0,,,,,Y,,D,22,0,1,0,0,0,0,0,0,0,"- ","- ",37.753330230712891,-120.11743927001953,MARIPOSA,UNINCORPORATED,-120.11564636230469,37.754402160644531
91136466,2019,2019-12-05,9455,2019-11-27,1820,021563,,3,2,9,2200,0,3,5,,2,009,"MORNING STAR LN","BUCKSKIN RD",850.00,N,N,B,D,N,,,,,,,,,,Y,3,0,1,1,A,-,03,22350,,N,E,I,A,C,H,-,D,D,0,,,,,Y,,A,01,0,1,0,0,0,0,0,0,0,"- ","- ",37.497570037841797,-119.91462707519531,MARIPOSA,UNINCORPORATED,-119.90872192382812,37.497997283935547
91137114,2019,2019-12-05,9455,2019-12-03,0650,016876,,2,1,9,2200,0,3,5,,2,010,"BEN HUR RD","SILVER BAR RD",4224.00,N,N,B,-,N,,,,,,,,,,Y,4,0,2,1,A,-,08,22107,,N,E,I,A,B,H,-,A,D,0,,,,,Y,,A,01,0,0,2,0,0,0,0,0,0,"- ","- ",37.450298309326172,-119.94090270996094,MARIPOSA,UNINCORPORATED,-119.96897125244141,37.384819030761719
91138741,2019,2019-12-10,9455,2019-12-01,1800,018215,,7,2,9,2200,0,3,5,,2,010,"DARRAH RD",SR-49,528.00,E,N,B,C,N,,,,,,,,,,Y,3,0,1,1,A,-,08,22107,,N,E,I,A,B,H,-,C,D,0,,,,,Y,Y,D,22,0,1,0,0,0,0,0,0,0,"- ","- ",37.464828491210938,-119.88739013671875,MARIPOSA,UNINCORPORATED,-119.88739776611328,37.464824676513672
91140298,2019,2019-12-10,9425,2019-12-05,1840,016886,,4,2,9,2200,0,3,5,,1,005,"MERCED FALLS ROAD","RANCHITO DRIVE",339.00,S,N,A,-,N,,,,,,,,,,Y,3,0,1,1,A,-,01,23152,A,N,F,A,A,A,H,-,D,D,0,,,,,Y,Y,D,22,0,1,0,0,0,0,0,0,0,"- ","- ",37.643730163574219,-120.31072998046875,MARIPOSA,UNINCORPORATED,-120.31076812744141,37.643733978271484
91160269,2019,2020-01-06,9456,2019-12-27,1036,017677,,5,1,9,2200,0,1,S,,2,502,SR-41,"PINE AVE.",10560.00,N,N,A,-,Y,,,,,,,,,,Y,3,0,1,1,A,-,08,22107,,N,E,I,A,B,H,-,A,D,0,,,,,Y,,A,07,0,1,0,0,0,0,0,0,0,"- ","- ",34.490188598632812,-119.63101196289062,MARIPOSA,UNINCORPORATED,-119.63255310058594,37.507186889648438
91162814,2019,2020-01-10,9455,2019-12-01,1720,018939,,7,2,9,2200,0,1,3,,1,003,"STATE HIGHWAY 140","CRANE CREEK RD",1056.00,E,N,C,-,Y,,,140,,,,,,,Y,1,1,0,1,A,-,01,23152,A,N,F,A,A,B,H,-,D,D,0,,,,,Y,Y,A,07,0,0,0,0,0,0,0,0,0,"- ","- ",37.677200317382812,-119.77300262451172,MARIPOSA,UNINCORPORATED,-119.77300262451172,37.677135467529297
91167900,2020,2020-01-17,9455,2020-01-17,1020,018215,,5,1,9,2200,0,3,5,,2,010,"TRIANGLE RD",SR-140,528.00,S,N,A,-,N,,,,,,,,,,Y,4,0,1,1,A,-,03,22350,,N,E,I,A,C,H,-,A,D,0,,,,,Y,,A,01,0,0,1,0,0,0,0,0,0,"- ","- ",37.524829864501953,-119.91899108886719,MARIPOSA,UNINCORPORATED,-119.92053985595703,37.523853302001953
91179644,2020,2020-02-04,9455,2020-01-25,1010,016876,,6,1,9,2200,0,3,5,,2,010,"DARRAH RD","COLE RD",1584.00,E,N,B,-,N,,,,,,,,,,Y,3,0,2,1,A,-,08,22107,,N,F,A,A,A,H,-,A,D,0,,,,,Y,,A,07,0,2,0,0,0,0,0,0,0,"- ","- ",37.466400146484375,-119.88430023193359,MARIPOSA,UNINCORPORATED,-119.88234710693359,37.467788696289062
91182213,2020,2020-02-07,9455,2020-01-31,0119,019237,,5,3,9,2200,0,3,5,,2,010,"INDIAN PEAK ROAD","HUMBUG CREEK RD",0.00,,N,A,-,N,,,,,,,,,,Y,4,0,1,1,A,-,01,23152,A,N,E,I,A,A,H,-,D,D,0,,,,,Y,Y,D,22,0,0,1,0,0,0,0,0,0,"- ","- ",37.425899505615234,-119.87837219238281,MARIPOSA,UNINCORPORATED,-119.88899230957031,37.430229187011719
91203401,2020,2020-03-06,9425,2020-02-20,0030,016886,,4,3,9,2200,0,1,3,,1,054,SR-132,"HAYWARD ROAD",792.00,E,N,A,-,Y,,,132,,,,,,,N,3,0,1,1,A,-,08,22107,,M,E,I,A,A,H,-,D,D,0,,,,,Y,,A,07,0,1,0,0,0,0,0,0,0,"- ","- ",37.643760681152344,-120.37499237060547,MARIPOSA,UNINCORPORATED,-120.37503814697266,37.643863677978516
91213373,2020,2020-03-25,9456,2020-03-16,1045,017445,,1,1,9,2200,0,1,3,,1,052,SR-41,"JACKSON RD",670.00,S,N,B,D,Y,,,41,,,,,,,N,4,0,1,3,A,-,03,22350,,N,C,C,E,C,H,-,A,D,0,Y,,,,Y,,A,07,0,0,1,0,1,0,0,0,0,"- ","- ",37.470928192138672,-119.64244079589844,MARIPOSA,UNINCORPORATED,-119.64239501953125,37.470893859863281
91220920,2020,2020-04-06,9425,2020-03-28,1320,017461,,6,1,9,2200,0,1,3,,1,053,SR-49,"MARY HARRISON MINE RD",15840.00,S,N,A,-,Y,,,49,,,,,,,Y,3,0,1,1,A,-,08,22107,,N,E,I,A,A,H,-,A,D,0,,,Y,,Y,,C,02,0,1,0,0,0,0,0,0,1,"- ","- ",37.677219390869141,-120.15888214111328,MARIPOSA,UNINCORPORATED,-120.15911865234375,37.677204132080078
91226234,2020,2020-04-16,9425,2020-04-04,1850,017461,,6,2,9,2200,0,1,3,,1,054,SR-132,"OLD HWY 49",9504.00,W,N,B,C,Y,,,132,,,,,,,Y,2,0,2,1,A,-,08,22107,,N,F,A,A,B,H,-,A,D,0,,,,,Y,,A,07,2,0,0,0,0,0,0,0,0,"- ","- ",37.707389831542969,-120.22550964355469,MARIPOSA,UNINCORPORATED,-120.22592163085938,37.707443237304688
91227498,2020,2020-04-20,9455,2020-04-11,1835,021563,,6,2,9,2200,0,1,3,,1,005,"SR-49 N/B","INDIAN PEAK RD",0.00,,Y,B,-,Y,,,49,,,,,,N,N,3,0,2,2,A,-,05,21460,A,N,B,C,A,A,H,-,A,D,0,,,Y,,Y,,C,02,0,2,0,0,0,0,0,0,1,"- ","- ",37.460121154785156,-119.90100860595703,MARIPOSA,UNINCORPORATED,-119.90102386474609,37.460140228271484
91233456,2020,2020-05-04,9455,2020-04-24,1810,020377,,5,2,9,2200,0,1,3,,1,003,"STATE HIGHWAY 140",BRICEBURG,7920.00,E,N,A,-,Y,,,140,,,,,,,Y,4,0,1,1,A,-,08,22107,,N,F,A,A,A,H,-,A,D,0,,,Y,,Y,,C,02,0,0,1,0,0,0,0,0,1,"- ","- ",37.622810363769531,-119.95424652099609,MARIPOSA,UNINCORPORATED,-119.95420837402344,37.622764587402344
91236759,2020,2020-05-12,9425,2020-05-07,1135,016886,,4,1,9,2200,0,1,3,,1,053,SR-49,"CROWN LEAD ROAD",6336.00,S,N,A,-,Y,,,49,,,,,,,Y,2,0,1,1,A,-,05,21460,A,N,F,A,A,A,H,-,A,D,0,,,Y,,Y,,C,02,1,0,0,0,0,0,0,0,1,"- ","- ",37.680168151855469,-120.17153930664062,MARIPOSA,UNINCORPORATED,-120.17153167724609,37.680171966552734
91238396,2020,2020-05-15,9455,2020-05-11,1820,019237,,1,2,9,2200,0,3,5,,2,010,"HIRSCH ROAD","WILDCAT ROAD",1056.00,S,N,A,-,N,,,,,,,,,,Y,3,0,1,1,A,-,08,22107,,N,F,A,A,A,H,-,A,D,0,,,,,Y,,A,07,0,1,0,0,0,0,0,0,0,"- ","- ",37.425090789794922,-119.85997009277344,MARIPOSA,UNINCORPORATED,-119.85983276367188,37.425933837890625
91241252,2020,2020-05-22,9455,2020-05-16,1445,019500,,6,2,9,2200,0,1,3,,1,001,SR-140,"UPPER TROWER RD.",1584.00,W,N,A,-,Y,,,140,,,,,,,Y,2,0,1,2,A,-,05,21460,A,N,B,C,A,A,H,-,A,D,0,,,Y,,Y,,C,02,1,0,0,0,0,0,0,0,1,"- ","- ",37.446479797363281,-120.073486328125,MARIPOSA,UNINCORPORATED,-120.07350158691406,37.446487426757812
91242595,2020,2020-05-26,9425,2020-05-22,1320,016886,,5,1,9,2200,0,3,5,,1,005,"ERNST ROAD","WAGNER ROAD",319.00,N,N,A,-,N,,,,,,,,,,N,3,0,1,2,A,-,11,21954,A,N,G,B,E,A,H,-,A,D,0,Y,,,,Y,,N,60,0,1,0,0,1,0,0,0,0,"- ","- ",37.710201263427734,-120.11298370361328,MARIPOSA,UNINCORPORATED,-120.11305999755859,37.709476470947266
91260913,2020,2020-06-30,9425,2020-06-25,1650,016886,,4,2,9,2200,0,1,3,,1,053,SR-49,"SCHILLING ROAD",3432.00,S,N,A,-,Y,,,49,,,,,,,Y,3,0,1,1,A,-,08,22107,,N,F,A,A,A,H,-,A,A,0,,,,,Y,,A,01,0,1,0,0,0,0,0,0,0,"- ","- ",37.653579711914062,-120.15054321289062,MARIPOSA,UNINCORPORATED,-120.15050506591797,37.653572082519531
91261811,2020,2020-07-01,9425,2020-06-26,1330,016886,,5,1,9,2200,0,1,3,,1,054,SR-132,"NARCISCO WAY",1584.00,E,N,A,-,Y,,,132,,,,,,,Y,3,0,1,1,A,-,08,22107,,N,E,I,A,A,H,-,A,D,0,,,,,Y,,A,01,0,1,0,0,0,0,0,0,0,"- ","- ",37.713630676269531,-120.31913757324219,MARIPOSA,UNINCORPORATED,-120.31915283203125,37.713607788085938
91263631,2020,2020-07-06,9455,2020-06-27,1845,019500,,6,2,9,2200,0,1,3,,1,004,SR-49,"BAGBY BRIDGE",1056.00,S,N,A,-,Y,,,49,,,,,,,N,3,0,1,1,A,-,03,22350,,N,H,A,A,A,H,-,A,D,0,,,Y,,Y,,C,02,0,1,0,0,0,0,0,0,1,"- ","- ",37.601371765136719,-120.13200378417969,MARIPOSA,UNINCORPORATED,-120.13198089599609,37.601409912109375
91268387,2020,2020-07-14,9455,2020-07-11,1055,018215,,6,1,9,2200,0,3,5,,2,010,"BEN HUR RD","GREEN HILLS RD",600.00,S,N,A,-,N,,,,,,,,,,Y,3,0,1,1,A,-,08,22107,,N,E,I,A,A,H,-,A,D,0,,,,,Y,,D,22,0,1,0,0,0,0,0,0,0,"- ","- ",37.422389984130859,-119.96015930175781,MARIPOSA,UNINCORPORATED,-119.96120452880859,37.422023773193359
91285212,2020,2020-08-12,9425,2020-08-01,1315,017461,,6,1,9,2200,0,1,3,,1,053,SR-49,"MARY HARRISON MINE RD",3696.00,S,N,A,-,N,,,49,,,,,,,Y,4,0,1,1,A,-,08,22107,,N,F,A,A,A,H,-,A,D,0,,,Y,,Y,,C,02,0,0,1,0,0,0,0,0,1,"- ","- ",37.677719116210938,-120.15888214111328,MARIPOSA,UNINCORPORATED,-120.15913391113281,37.677680969238281
91303155,2020,2020-09-11,9455,2020-09-02,1700,018939,,3,2,9,2200,0,3,5,,2,009,"MOUNT BULLION CUT OFF RD",SR-49,5808.00,S,N,A,-,N,,,,,,,,,,Y,3,0,1,1,A,-,08,22107,,N,E,I,A,A,H,-,A,D,0,,,,,Y,,D,22,0,1,0,0,0,0,0,0,0,"- ","- ",37.490699768066406,-120.03959655761719,MARIPOSA,UNINCORPORATED,-120.03964996337891,37.492050170898438
91315274,2020,2020-09-30,9425,2020-09-25,1520,016886,,5,2,9,2200,0,3,5,,1,005,1S15,"JORDAN CREEK ROAD",1320.00,N,N,A,-,N,,,,,,,,,,N,2,0,1,1,A,-,08,22107,,N,E,I,A,A,H,-,A,D,0,,,Y,,Y,,C,02,1,0,0,0,0,0,0,0,1,"- ","- ",37.771381378173828,-120.08242797851562,MARIPOSA,UNINCORPORATED,,
91323125,2020,2020-10-13,9425,2020-10-06,1501,017403,,2,2,9,2200,0,3,5,,1,005,"RANCHITO DR","PICADERO WAY",460.00,E,N,A,-,N,,,,,,,,,,Y,2,0,1,1,A,-,01,23152,A,N,E,I,A,A,H,-,A,D,0,,,,,Y,Y,E,22,1,0,0,0,0,0,0,0,0,"- ","- ",37.646331787109375,-120.32945251464844,MARIPOSA,UNINCORPORATED,-120.32978057861328,37.645912170410156
91325421,2020,2020-10-16,9425,2020-10-09,1210,017461,,5,1,9,2200,0,3,5,,1,005,"WAGNER RIDGE RD","CHAPIN RD",1056.00,N,N,A,-,N,,,,,,,,,,Y,2,0,1,1,A,-,08,22107,,N,E,I,A,A,H,-,A,D,0,,,,,Y,,A,01,1,0,0,0,0,0,0,0,0,"- ","- ",37.782020568847656,-120.18557739257812,MARIPOSA,UNINCORPORATED,-120.18346099999999,37.782960000000003
91325959,2020,2020-10-19,9455,2020-10-10,2325,021563,,6,3,9,2200,0,3,5,,2,009,"MT BULLION CUTOFF RD",SR-140,4224.00,N,N,A,-,N,,,,,,,,,,Y,3,0,1,1,A,-,08,22107,,N,E,I,A,A,H,-,D,D,0,,,,,Y,Y,A,01,0,1,0,0,0,0,0,0,0,"- ","- ",37.484638214111328,-120.05745697021484,MARIPOSA,UNINCORPORATED,-120.05583190917969,37.485260009765625