CASE_ID,ACCIDENT_YEAR,PROC_DATE,JURIS,COLLISION_DATE,COLLISION_TIME,OFFICER_ID,REPORTING_DISTRICT,DAY_OF_WEEK,CHP_SHIFT,POPULATION,CNTY_CITY_LOC,SPECIAL_COND,BEAT_TYPE,CHP_BEAT_TYPE,CITY_DIVISION_LAPD,CHP_BEAT_CLASS,BEAT_NUMBER,PRIMARY_RD,SECONDARY_RD,DISTANCE,DIRECTION,INTERSECTION,WEATHER_1,WEATHER_2,STATE_HWY_IND,CALTRANS_COUNTY,CALTRANS_DISTRICT,STATE_ROUTE,ROUTE_SUFFIX,POSTMILE_PREFIX,POSTMILE,LOCATION_TYPE,RAMP_INTERSECTION,SIDE_OF_HWY,TOW_AWAY,COLLISION_SEVERITY,NUMBER_KILLED,NUMBER_INJURED,PARTY_COUNT,PRIMARY_COLL_FACTOR,PCF_CODE_OF_VIOL,PCF_VIOL_CATEGORY,PCF_VIOLATION,PCF_VIOL_SUBSECTION,HIT_AND_RUN,TYPE_OF_COLLISION,MVIW,PED_ACTION,ROAD_SURFACE,ROAD_COND_1,ROAD_COND_2,LIGHTING,CONTROL_DEVICE,CHP_ROAD_TYPE,PEDESTRIAN_ACCIDENT,BICYCLE_ACCIDENT,MOTORCYCLE_ACCIDENT,TRUCK_ACCIDENT,NOT_PRIVATE_PROPERTY,ALCOHOL_INVOLVED,STWD_VEHTYPE_AT_FAULT,CHP_VEHTYPE_AT_FAULT,COUNT_SEVERE_INJ,COUNT_VISIBLE_INJ,COUNT_COMPLAINT_PAIN,COUNT_PED_KILLED,COUNT_PED_INJURED,COUNT_BICYCLIST_KILLED,COUNT_BICYCLIST_INJURED,COUNT_MC_KILLED,COUNT_MC_INJURED,PRIMARY_RAMP,SECONDARY_RAMP,LATITUDE,LONGITUDE,COUNTY,CITY,POINT_X,POINT_Y
91809192,2022,2022-07-01,9455,2022-06-24,0900,019500,,5,1,9,2200,0,1,3,,1,001,SR-140,"PATE CEMETERY RD.",5280.00,E,N,A,-,Y,MPA,,140,,,3.600,H,,R,N,4,0,4,1,A,-,08,22107,,N,E,I,A,A,H,-,A,D,0,,,,,Y,,A,07,0,0,4,0,0,0,0,0,0,"- ","- ",37.371761322021484,-120.17120361328125,MARIPOSA,UNINCORPORATED,-120.17116546630859,37.371723175048828
91811057,2022,2022-07-06,9455,2022-06-10,0955,020123,,5,1,9,2200,0,1,3,,1,004,SR-49,"MACREADY WAY",156.00,N,N,A,-,N,,,,,,,,,,Y,2,0,1,1,A,-,08,22107,,N,E,I,A,A,H,-,A,D,0,,,Y,,Y,,C,02,1,0,0,0,0,0,0,0,1,"- ","- ",37.507640838623047,-122.03719329833984,MARIPOSA,UNINCORPORATED,-120.03595733642578,37.508087158203125
91811542,2022,2022-07-06,9455,2022-07-01,1925,018869,,5,2,9,2200,0,3,5,,2,010,"ITALIAN CREEK ROAD","BOYER ROAD",1056.00,E,N,A,-,N,,,,,,,,,,N,2,0,1,1,A,-,01,23152,A,N,F,A,A,A,H,-,B,D,0,,,Y,,Y,Y,C,06,1,0,0,0,0,0,0,0,1,"- ","- ",37.466499328613281,-119.85012817382812,MARIPOSA,UNINCORPORATED,-119.84990692138672,37.466396331787109
91812812,2022,2022-07-08,9425,2022-07-02,1145,016886,,6,1,9,2200,0,3,5,,1,005,"RANCHITO DRIVE","GOLFITO WAY",159.00,E,N,A,-,N,,,,,,,,,,Y,4,0,2,1,A,-,08,22107,,N,E,I,A,A,H,-,A,D,0,,,,Y,Y,,F,26,0,0,2,0,0,0,0,0,0,"- ","- ",37.630210876464844,-120.35405731201172,MARIPOSA,UNINCORPORATED,-120.35408020019531,37.630237579345703
91823679,2022,2022-07-25,9455,2022-07-18,1305,016876,,1,1,9,2200,0,1,3,,1,001,SR-140,"AGUA FRIA RD",1637.00,W,N,A,-,Y,MPA,,140,,,16.268,H,,R,Y,3,0,1,1,A,-,08,22107,,N,E,I,A,A,H,-,A,D,0,,,,,Y,,A,01,0,1,0,0,0,0,0,0,0,"- ","- ",37.480491638183594,-120.02629852294922,MARIPOSA,UNINCORPORATED,-120.02632141113281,37.480514526367188
91831088,2022,2022-08-02,9455,2022-07-29,1810,021295,,5,2,9,2200,0,1,3,,1,005,SR-49,"OLD HIGHWAY",162.00,S,N,A,-,Y,MPA,,49,,,17.427,H,,R,Y,4,0,1,1,C,-,18,,,N,E,I,A,A,H,-,A,D,0,,,,,Y,,-,"- ",0,0,1,0,0,0,0,0,0,"- ","- ",37.471298217773438,-119.95210266113281,MARIPOSA,UNINCORPORATED,-119.95211029052734,37.471294403076172
91833065,2022,2022-08-04,9425,2022-08-01,0440,018251,,1,3,9,2200,0,3,5,,1,005,"CORONADO DRIVE","ZARZO WAY",20.00,S,N,A,-,N,,,,,,,,,,Y,3,0,1,1,A,-,01,23152,A,N,E,I,A,A,H,-,D,A,0,,,,,Y,Y,A,01,0,1,0,0,0,0,0,0,0,"- ","- ",37.632450103759766,-120.30944061279297,MARIPOSA,UNINCORPORATED,-120.30950164794922,37.632423400878906
91840188,2022,2022-08-15,9455,2022-08-05,0845,016876,,5,1,9,2200,0,3,5,,2,010,"DARRAH RD","WHISPERING PINES RD",1056.00,S,N,C,-,N,,,,,,,,,,Y,3,0,1,1,A,-,08,22107,,N,E,I,A,B,H,-,A,D,0,,,,,Y,,A,07,0,1,0,0,0,0,0,0,0,"- ","- ",37.50054931640625,-119.85099029541016,MARIPOSA,UNINCORPORATED,-119.8509521484375,37.500537872314453
91859135,2022,2022-09-07,9455,2022-08-28,1910,021295,,7,2,9,2200,0,3,5,,2,010,"LAKE MCCLURE RD.","HORNITOS ROAD",2112.00,E,N,A,-,N,,,,,,,,,,Y,4,0,1,1,A,-,01,23152,A,N,E,I,A,A,H,-,B,D,0,,,,,Y,Y,D,22,0,0,1,0,0,0,0,0,0,"- ","- ",37.524909973144531,-120.31381988525391,MARIPOSA,UNINCORPORATED,-120.31467437744141,37.524845123291016
91863489,2022,2022-09-13,9425,2022-09-11,1523,019918,,7,2,9,2200,0,1,3,,1,054,SR-132,SR-49,1056.00,W,N,A,-,Y,MPA,,132,,,18.431,H,,R,N,3,0,1,1,A,-,08,22107,,N,F,A,A,A,H,-,A,D,0,,,Y,,Y,,C,02,0,1,0,0,0,0,0,0,1,"- ","- ",37.707229614257812,-120.20015716552734,MARIPOSA,UNINCORPORATED,-120.20013427734375,37.707294464111328
91863502,2022,2022-09-13,9455,2022-09-04,1055,016876,,7,1,9,2200,0,3,5,,2,010,"OLD HIGHWAY RD","MARSHALL RD",600.00,E,N,A,-,N,,,,,,,,,,N,3,0,1,1,D,-,00,,,N,E,I,A,A,H,-,A,D,0,,Y,,,Y,,-,"- ",0,1,0,0,0,0,1,0,0,"- ","- ",37.459888458251953,-119.95442199707031,MARIPOSA,UNINCORPORATED,-119.95529937744141,37.459732055664062
91896239,2022,2022-10-21,9455,2022-10-12,1405,018869,,3,2,9,2200,0,1,3,,1,005,SR49,"PEG LEG RD",225.00,S,N,A,-,Y,MPA,,49,,,12.265,H,,R,N,3,0,1,2,A,-,05,21202,A,N,B,G,A,A,H,-,A,D,0,,Y,,,Y,,L,04,0,1,0,0,0,0,1,0,0,"- ","- ",37.463710784912109,-119.890869140625,MARIPOSA,UNINCORPORATED,-119.89087677001953,37.4637451171875
91906602,2022,2022-11-01,9455,2022-10-25,2030,018869,,2,2,9,2200,0,1,3,,1,001,SR140,"OLD HIGHWAY",6336.00,W,N,A,-,Y,MPA,,140,,,5.784,H,,R,N,2,0,1,1,A,-,08,22107,,N,F,A,A,A,D,-,D,A,0,,,Y,,Y,,C,02,1,0,0,0,0,0,0,0,1,"- ","- ",37.395980834960938,-120.14540100097656,MARIPOSA,UNINCORPORATED,-120.14540863037109,37.395988464355469
91923581,2022,2022-11-21,9455,2022-11-14,1620,018869,,1,2,9,2200,0,3,5,,2,010,"TRIANGLE RD","SNOW CREEK",1000.00,W,N,A,-,N,,,,,,,,,,N,4,0,1,1,A,-,01,23152,A,N,F,A,A,A,H,-,A,D,0,,,,,Y,Y,A,07,0,0,1,0,0,0,0,0,0,"- ","- ",37.516109466552734,-119.84111022949219,MARIPOSA,UNINCORPORATED,,
91944654,2022,2022-12-16,9455,2022-12-09,1748,019838,,5,2,9,2200,0,1,3,,1,003,SR-140,"SMITH ROAD",2112.00,E,N,A,-,Y,MPA,,140,,,22.717,H,,R,Y,2,0,1,1,C,-,18,,,N,E,I,A,A,H,-,D,D,0,,,,,Y,,-,"- ",1,0,0,0,0,0,0,0,0,"- ","- ",37.501049041748047,-119.97119903564453,MARIPOSA,UNINCORPORATED,-119.97120666503906,37.500980377197266
91963238,2022,2023-01-09,9425,2022-12-25,1430,020575,,7,2,9,2200,0,1,3,,1,053,SR-49,"SCHILLING RD",1056.00,S,N,A,-,Y,MPA,,49,,,38.524,H,,R,Y,4,0,1,1,A,-,08,22107,,N,F,A,A,A,H,-,A,D,0,,,,,Y,,A,01,0,0,1,0,0,0,0,0,0,"- ","- ",37.653720855712891,-120.15045928955078,MARIPOSA,UNINCORPORATED,-120.15042877197266,37.653697967529297
91983385,2023,2023-01-31,9455,2023-01-21,1355,019237,,6,1,9,2200,0,3,5,,2,010,"TIP TOP ROAD","HILLSIDE DRIVE",0.00,,Y,A,-,N,,,,,,,,,,Y,4,0,2,2,A,-,01,23152,A,N,D,C,A,A,H,-,A,A,0,,,,,Y,Y,A,01,0,0,2,0,0,0,0,0,0,"- ","- ",37.458709716796875,-119.82334136962891,MARIPOSA,UNINCORPORATED,-119.82331085205078,37.458728790283203
91985301,2023,2023-02-02,9455,2023-01-29,1220,019244,,7,1,9,2200,0,3,5,,2,009,"TRIANGLE RD","CARELTON ROAD",3.00,E,N,D,-,N,,,,,,,,,,N,4,0,1,1,A,-,03,22350,,N,E,I,A,C,H,-,A,D,0,,,,,Y,,D,22,0,0,1,0,0,0,0,0,0,"- ","- ",37.303699493408203,-119.54340362548828,MARIPOSA,UNINCORPORATED,-119.90980529785156,37.510345458984375
91993946,2023,2023-02-14,9455,2023-02-07,1520,020377,,2,2,9,2200,0,1,3,,1,002,"STATE ROUTE 140","OLD HIGHWAY NORTH",528.00,W,N,A,-,Y,MPA,,140," "," ",22.730,H,,R,Y,4,0,1,1,C,-,18,,,N,E,I,A,A,H,-,A,D,0,,,,,Y,,-,"- ",0,0,1,0,0,0,0,0,0,"- ","- ",37.500930786132812,-119.97097778320312,MARIPOSA,UNINCORPORATED,-119.97097778320312,37.500961303710938
91999223,2023,2023-02-21,9455,2023-02-17,1535,019244,,5,2,9,2200,0,1,3,,1,001,"STATE HIGHWAY 140","UPPER TROWER ROAD",172.00,W,N,A,-,Y,MPA,,140," "," ",11.635,H,,R,Y,2,0,2,1,A,-,01,23152,A,N,E,I,A,A,H,-,A,D,0,,,,,Y,Y,A,01,2,0,0,0,0,0,0,0,0,"- ","- ",37.4521484375,-120.07211303710938,MARIPOSA,UNINCORPORATED,-120.07205200195312,37.452129364013672
92003931,2023,2023-02-27,9455,2023-02-16,"750 ",020377,,4,1,9,2200,0,3,5,,2,009,"COAKLEY CIRCLE","JOE HOWARD ST.",500.00,S,N,A,-,N,,,,,,,,,,N,3,0,1,2,A,-,09,21804,A,N,A,C,A,A,H,-,A,D,0,,,,,Y,,A,08,0,1,0,0,0,0,0,0,0,"- ","- ",37.488609313964844,-119.97147369384766,MARIPOSA,UNINCORPORATED,-119.97126770019531,37.488655090332031
92016105,2023,2023-03-13,9455,2023-03-05,"815 ",018869,,7,1,9,2200,0,1,3,,1,001,SR140,"TROWER RD.",500.00,E,N,B,C,Y,MPA,,140," "," ",10.719,H,,R,Y,3,0,1,1,A,-,08,22107,,N,F,A,A,B,H,-,A,D,0,,,,,Y,,A,01,0,1,0,0,0,0,0,0,0,"- ","- ",37.442119598388672,-120.08126068115234,MARIPOSA,UNINCORPORATED,-120.08124542236328,37.442104339599609
92042281,2023,2023-04-11,9455,2023-03-29,1910,018869,,3,2,9,2200,0,1,3,,1,004,"STATE ROUTE 49 (GOLDEN CHAIN HIGHWAY)","AGUA FRIA ROAD",150.00,S,N,B,C,Y,MPA,,49," "," ",22.698,H,,R,Y,1,1,2,2,A,-,03,22350,,N,A,C,A,C,H,-,D,D,0,,,,,Y,,A,01,0,2,0,0,0,0,0,0,0,"- ","- ",37.505771636962891,-120.03890228271484,MARIPOSA,UNINCORPORATED,-120.03891754150391,37.50579833984375
92043098,2023,2023-04-12,9425,2023-04-07,2330,016886,,5,3,9,2200,0,3,5,,1,005,"PRIEST COULTERVILLE ROAD","TUOLUMNE/MARIPOSA COUNTY LINE",0.00,S,N,A,-,N,,,,,,,,,,Y,3,0,1,1,A,-,08,22107,,N,E,I,A,A,H,-,D,D,0,,,,,Y,,A,01,0,1,0,0,0,0,0,0,0,"- ","- ",37.763408660888672,-120.20860290527344,MARIPOSA,UNINCORPORATED,,
92059138,2023,2023-05-02,9455,2023-04-15,1745,020123,,6,2,9,2200,0,1,3,,1,002,SR-140,"CARSTENS ROAD",2112.00,W,N,A,-,N,,,,,,,,,,N,3,0,1,2,C,-,18,,,N,H,H,A,A,H,-,A,D,0,,,,,Y,,-,"- ",0,1,0,0,0,0,0,0,0,"- ","- ",37.548141479492188,-119.92156982421875,MARIPOSA,UNINCORPORATED,-119.92152404785156,37.548171997070312
92065015,2023,2023-05-09,9425,2023-05-07,1407,018251,,7,2,9,2200,0,1,3,,1,053,"STATE ROUTE 49","SCHILLING ROAD",1584.00,S,N,B,-,Y,MPA,,49," "," ",38.524,H,,R,Y,3,0,1,1,A,-,08,22107,,N,F,0,A,A,H,-,A,D,0,,,Y,,Y,,C,02,0,1,0,0,0,0,0,0,1,"- ","- ",37.653739929199219,-120.15048980712891,MARIPOSA,UNINCORPORATED,-120.15042877197266,37.653697967529297
92069288,2023,2023-05-15,9455,2023-05-12,"615 ",019500,,5,1,9,2200,0,1,3,,1,003,SR-140,"THE BUG HOSTEL",3168.00,E,N,A,-,N,,,,,,,,,,Y,3,0,1,1,A,-,08,22107,,N,F,A,A,A,H,-,A,D,0,,,,,Y,,A,07,0,1,0,0,0,0,0,0,0,"- ","- ",37.585811614990234,-119.96318817138672,MARIPOSA,UNINCORPORATED,-119.96320343017578,37.585720062255859
92082747,2023,2023-05-31,9425,2023-05-19,1956,019918,,5,2,9,2200,0,1,3,,1,054,SR-132,"HORSESHOE BEND RECREATION AREA",2640.00,E,N,A,-,Y,MPA,,132," "," ",15.516,H,,R,Y,3,0,1,1,A,-,01,23152,A,N,E,I,A,A,H,-,B,D,0,,,,,Y,Y,D,22,0,1,0,0,0,0,0,0,0,"- ","- ",37.709178924560547,-120.24395751953125,MARIPOSA,UNINCORPORATED,-120.24398040771484,37.709125518798828
92083896,2023,2023-06-01,9425,2023-05-31,1535,016886,,3,2,9,2200,0,3,5,,1,005,"GREELEY HILL ROAD","PRIEST COULTERVILLE ROAD",4224.00,E,N,A,-,N,,,,,,,,,,N,3,0,2,1,A,-,08,22107,,N,E,I,A,A,H,-,A,D,0,,,,,Y,,A,07,0,2,0,0,0,0,0,0,0,"- ","- ",37.733470916748047,-120.17427825927734,MARIPOSA,UNINCORPORATED,-120.18682098388672,37.735149383544922
92084844,2023,2023-06-02,9456,2023-05-22,1850,018970,,1,2,9,2200,0,1,3,,2,055,SR-41,"MIAMI MOTORCYCLE TRL",500.00,S,N,A,-,Y,MPA,,41," "," ",0.194,H,,R,Y,2,0,1,1,A,-,08,22107,,N,E,I,A,A,H,-,A,D,0,,,,,Y,,D,22,1,0,0,0,0,0,0,0,0,"- ","- ",37.443660736083984,-119.65352630615234,MARIPOSA,UNINCORPORATED,-119.65339660644531,37.443717956542969
92089180,2023,2023-06-08,9455,2023-05-30,"910 ",016876,,2,1,9,2200,0,1,3,,1,002,"SR-140 W/B","EAST WHITLOCK RD",20.00,E,N,A,-,Y,MPA,,140," "," ",25.328,H,,L,Y,3,0,1,1,A,-,08,22107,,N,E,I,A,A,H,-,A,D,0,,,,,Y,,A,01,0,1,0,0,0,0,0,0,0,"- ","- ",37.521430969238281,-119.93875885009766,MARIPOSA,UNINCORPORATED,-119.93879699707031,37.521560668945312
92090222,2023,2023-06-09,9425,2023-05-29,1215,018251,,1,1,9,2200,0,3,5,,1,004,"MERCED FALLS RD","HORNITOS ROAD",11616.00,N,N,A,-,N,,,,,,,,,,N,3,0,1,1,A,-,08,22107,,N,E,I,A,A,H,-,A,D,0,,,Y,,Y,,C,02,0,1,0,0,0,0,0,0,1,"- ","- ",37.556400299072266,-120.325439453125,MARIPOSA,UNINCORPORATED,-120.32527160644531,37.554790496826172
92090453,2023,2023-06-09,9425,2023-06-04,2100,019918,,7,2,9,2200,0,3,5,,1,004,"MERCED FALLS RD","PROUTY ROAD",13200.00,S,N,A,-,N,,,,,,,,,,Y,3,0,2,1,A,-,03,22350,,N,F,A,A,A,H,-,D,D,0,,,,,Y,,A,01,0,2,0,0,0,0,0,0,0,"- ","- ",37.572898864746094,-120.30899810791016,MARIPOSA,UNINCORPORATED,-120.30922698974609,37.572856903076172
92095104,2023,2023-06-21,9455,2023-06-03,"900 ",018869,,6,1,9,2200,0,1,3,,1,004,SR49,"PENDOLA GARDEN RD.",2640.00,S,N,A,-,Y,MPA,,49," "," ",28.145,H,,R,N,3,0,1,2,A,-,08,22107,,N,B,G,A,A,H,-,A,D,0,,Y,,,Y,,L,04,0,1,0,0,0,0,1,0,0,"- ","- ",37.554279327392578,-120.10648345947266,MARIPOSA,UNINCORPORATED,-120.10651397705078,37.554248809814453
92095978,2023,2023-06-16,9455,2023-06-09,1910,019500,,5,2,9,2200,0,3,5,,2,009,"HORNITOS RD","INDIAN GULCH RD",2640.00,S,N,A,-,N,,,,,,,,,,Y,3,0,1,1,A,-,08,22107,,N,F,0,A,A,H,-,A,D,0,,,,,Y,,D,22,0,1,0,0,0,0,0,0,0,"- ","- ",37.487289428710938,-120.20578002929688,MARIPOSA,UNINCORPORATED,-120.20842742919922,37.486873626708984
92098937,2023,2023-06-21,9425,2023-06-15,2149,016886,,4,2,9,2200,0,3,5,,1,005,"GREELEY HILL ROAD","SMITH STATION ROAD",2112.00,E,N,A,-,N,,,,,,,,,,Y,3,0,1,1,A,-,01,23152,A,N,E,I,A,A,H,-,D,D,0,,,,,Y,Y,A,07,0,1,0,0,0,0,0,0,0,"- ","- ",37.751800537109375,-120.09657287597656,MARIPOSA,UNINCORPORATED,-120.09889221191406,37.752334594726562
92099255,2023,2023-06-21,9455,2023-06-16,"905 ",016876,,5,1,9,2200,0,3,5,,2,010,"EAST WHITLOCK RD","YOSEMITE OAKS RD",1584.00,S,N,A,-,N,,,,,,,,,,Y,2,0,2,2,A,-,08,22107,,N,A,C,A,A,H,-,A,D,0,,,,,Y,,D,22,1,1,0,0,0,0,0,0,0,"- ","- ",37.526611328125,-119.94455718994141,MARIPOSA,UNINCORPORATED,-119.94528961181641,37.527114868164062
92100178,2023,2023-06-22,9455,2023-06-20,"725 ",016876,,2,1,9,2200,0,1,3,,1,005,SR-49,"MOSS CREEK LN",600.00,S,N,A,-,Y,MPA,,49," "," ",4.684,H,,R,Y,4,0,1,2,C,-,18,,,N,H,A,A,A,H,-,A,D,0,,,,,Y,,-,"- ",0,0,1,0,0,0,0,0,0,"- ","- ",37.457839965820312,-119.773193359375,MARIPOSA,UNINCORPORATED,-119.77322387695312,37.457839965820312
92100999,2023,2023-06-23,9425,2023-06-08,2215,018822,,4,3,9,2200,0,3,5,,1,005,"MERCED FALLS RD","MYERS CREEK",685.00,N,N,A,-,N,,,,,,,,,,N,4,0,1,1,A,-,08,22107,,M,E,I,A,A,H,-,D,D,0,,,,,Y,,D,22,0,0,1,0,0,0,0,0,0,"- ","- ",37.568378448486328,-120.32205963134766,MARIPOSA,UNINCORPORATED,,
92107025,2023,2023-06-30,9425,2023-06-24,"525 ",018559,,6,3,9,2200,0,3,5,,1,005,SR-49,"SCHILLING RD",11616.00,N,N,A,-,Y,MPA,,49," "," ",41.693,H,,R,N,3,0,1,1,A,-,08,22107,,N,E,I,A,A,H,-,B,D,0,,,,,Y,,D,22,0,1,0,0,0,0,0,0,0,"- ","- ",37.67742919921875,-120.16831970214844,MARIPOSA,UNINCORPORATED,-120.16840362548828,37.677417755126953
92116069,2023,2023-07-13,9425,2023-07-05,"820 ",016886,,3,1,9,2200,0,3,5,,1,005,"GREELEY HILL ROAD","SMITH STATION ROAD",9504.00,E,N,A,-,N,,,,,,,,,,N,2,0,1,1,C,-,18,,,N,H,H,A,A,H,-,A,D,0,,,Y,,Y,,-,"- ",1,0,0,0,0,0,0,0,1,"- ","- ",37.755359649658203,-120.07553863525391,MARIPOSA,UNINCORPORATED,-120.07674407958984,37.755462646484375
92116853,2023,2023-07-14,9455,2023-07-02,1930,020156,,7,2,9,2200,0,3,5,,2,009,"HORNITOS RD","LA PALOMA RD",1056.00,W,N,A,-,N,,,,,,,,,,N,4,0,1,1,A,-,08,22107,,N,E,I,A,A,H,-,A,D,0,,,,,Y,,A,07,0,0,1,0,0,0,0,0,0,"- ","- ",37.4822998046875,-120.27806091308594,MARIPOSA,UNINCORPORATED,-120.27593231201172,37.482685089111328
92122032,2023,2023-07-20,9425,2023-07-13,2040,016886,,4,2,9,2200,0,3,5,,1,005,"MERCED FALLS ROAD","MARIPOSA/MERCED COUNTY LINE",524.00,N,N,A,-,N,,,,,,,,,,Y,2,0,1,1,A,-,08,22107,,N,F,A,A,A,H,-,B,D,0,,,Y,,Y,,C,02,1,0,0,0,0,0,0,0,1,"- ","- ",37.540901184082031,-120.32945251464844,MARIPOSA,UNINCORPORATED,,
92126605,2023,2023-07-26,9455,2023-07-18,2110,018939,,2,2,9,2200,0,1,3,,1,002,"RT 140","TROWER RD",1056.00,E,N,A,-,Y,MPA,,140," "," ",10.657,H,,R,N,4,0,1,2,A,-,03,22350,,N,C,C,A,A,H,-,D,D,0,,,,,Y,,-,"- ",0,0,1,0,0,0,0,0,0,"- ","- ",37.44158935546875,-120.08217620849609,MARIPOSA,UNINCORPORATED,-120.08218383789062,37.441593170166016
92126894,2023,2023-07-26,9425,2023-07-14,2041,016886,,5,2,9,2200,0,3,5,,1,005,"MERCED FALLS ROAD","MARIPOSA/MERCED COUNTY LINE",524.00,N,N,A,-,N,,,,,,,,,,N,3,0,1,1,A,-,08,22107,,N,F,A,A,A,H,-,B,D,0,,,Y,,Y,,C,02,0,1,0,0,0,0,0,0,1,"- ","- ",37.540901184082031,-120.32945251464844,MARIPOSA,UNINCORPORATED,,
92137933,2023,2023-08-07,9455,2023-08-03,1625,020377,,4,2,9,2200,0,1,3,,1,005,"STATE ROUTE 49S","DRURY LANE",700.00,S,N,A,-,Y,MPA,,49," "," ",14.823,H,,R,Y,4,0,1,2,A,-,03,22350,,N,C,C,A,A,H,-,A,D,0,,,Y,,Y,,C,02,0,0,1,0,0,0,0,0,1,"- ","- ",37.460048675537109,-119.93264770507812,MARIPOSA,UNINCORPORATED,-119.93264007568359,37.459987640380859
92137939,2023,2023-08-07,9455,2023-08-05,1810,020377,,6,2,9,2200,0,1,3,,1,003,"STATE ROUTE 140",BRICEBURG,528.00,W,N,A,-,Y,MPA,,140," "," ",33.925,H,,R,Y,3,0,1,2,A,-,01,23152,A,N,A,C,A,A,H,-,A,D,0,,,,,Y,Y,A,07,0,1,0,0,0,0,0,0,0,"- ","- ",37.603519439697266,-119.96414184570312,MARIPOSA,UNINCORPORATED,-119.96416473388672,37.603507995605469
92146670,2023,2023-08-17,9455,2023-08-14,1025,016876,,1,1,9,2200,0,3,5,,2,010,"HARRIS CUT OFF RD","RAINBOW DR",3.00,W,N,A,-,N,,,,,,,,,,Y,3,0,1,1,A,-,08,22107,,N,E,I,A,A,H,-,A,D,0,,,,,Y,,A,01,0,1,0,0,0,0,0,0,0,"- ","- ",37.47100830078125,-119.73618316650391,MARIPOSA,UNINCORPORATED,-119.73611450195312,37.471103668212891
92150120,2023,2023-08-22,9455,2023-08-13,1425,019500,,7,2,9,2200,0,3,5,,2,010,"JERSEYDALE RD","WILD DOVE LN",1056.00,E,N,B,-,N,,,,,,,,,,Y,3,0,1,1,A,-,08,22107,,N,F,A,A,A,H,-,A,D,0,,,,,Y,,D,22,0,1,0,0,0,0,0,0,0,"- ","- ",37.541061401367188,-119.83734130859375,MARIPOSA,UNINCORPORATED,-119.83489227294922,37.533432006835938
92159758,2023,2023-08-31,9455,2023-08-27,1200,018869,,7,1,9,2200,0,1,3,,1,005,SR49,"OLD HIGHWAY RD",1584.00,N,N,A,-,Y,MPA,,49," "," ",17.606,H,,R,Y,3,0,2,2,A,-,09,21801,A,N,D,C,A,A,H,-,A,D,0,,,,,Y,,A,01,0,2,0,0,0,0,0,0,0,"- ","- ",37.473289489746094,-119.9542236328125,MARIPOSA,UNINCORPORATED,-119.95420074462891,37.473304748535156
92169307,2023,2023-09-13,9425,2023-09-05,1210,017403,,2,1,9,2200,0,1,3,,1,054,SR-132,"MARAVILLA DR.",0.00,,Y,A,-,Y,MPA,,132," ",R,7.906,H,,R,Y,3,0,1,2,A,-,03,22350,,N,C,C,A,A,H,-,A,D,0,,,,,Y,,A,07,0,1,0,0,0,0,0,0,0,"- ","- ",37.710609436035156,-120.33186340332031,MARIPOSA,UNINCORPORATED,-120.33189392089844,37.710639953613281
92173866,2023,2023-09-19,9455,2023-09-11,1305,016876,,1,1,9,2200,0,3,5,,2,010,"HIRSCH RD","BULL PINE LN",1056.00,W,N,A,-,N,,,,,,,,,,Y,3,0,1,1,A,-,08,22107,,N,E,I,A,A,H,-,A,D,0,,,,,Y,,D,22,0,1,0,0,0,0,0,0,0,"- ","- ",37.435001373291016,-119.85746765136719,MARIPOSA,UNINCORPORATED,-119.86012268066406,37.440025329589844
92202531,2023,2024-02-22,9455,2023-10-08,1635,018939,,7,2,9,2200,0,1,3,,1,001,"RT 140","MCCORRY RD",9504.00,E,N,A,-,Y,MPA,,140," "," ",1.779,H,,R,Y,3,0,1,1,A,-,08,22107,,N,E,I,A,A,H,-,A,D,0,,,,,Y,,A,01,0,1,0,0,0,0,0,0,0,"- ","- ",37.355190277099609,-120.19354248046875,MARIPOSA,UNINCORPORATED,-120.19344329833984,37.355113983154297
92202597,2023,2023-10-18,9425,2023-06-14,1855,016886,,3,2,9,2200,0,3,5,,1,005,"GREELEY HILL ROAD","PRIEST COULTERVILLE ROAD",6072.00,E,N,A,-,N,,,,,,,,,,Y,1,1,0,1,A,-,08,22107,,N,F,A,A,A,H,-,A,D,0,,,Y,,Y,,C,02,0,0,0,0,0,0,0,1,0,"- ","- ",37.736759185791016,-120.17813873291016,MARIPOSA,UNINCORPORATED,-120.18682098388672,37.735149383544922