CASE_ID,ACCIDENT_YEAR,PROC_DATE,JURIS,COLLISION_DATE,COLLISION_TIME,OFFICER_ID,REPORTING_DISTRICT,DAY_OF_WEEK,CHP_SHIFT,POPULATION,CNTY_CITY_LOC,SPECIAL_COND,BEAT_TYPE,CHP_BEAT_TYPE,CITY_DIVISION_LAPD,CHP_BEAT_CLASS,BEAT_NUMBER,PRIMARY_RD,SECONDARY_RD,DISTANCE,DIRECTION,INTERSECTION,WEATHER_1,WEATHER_2,STATE_HWY_IND,CALTRANS_COUNTY,CALTRANS_DISTRICT,STATE_ROUTE,ROUTE_SUFFIX,POSTMILE_PREFIX,POSTMILE,LOCATION_TYPE,RAMP_INTERSECTION,SIDE_OF_HWY,TOW_AWAY,COLLISION_SEVERITY,NUMBER_KILLED,NUMBER_INJURED,PARTY_COUNT,PRIMARY_COLL_FACTOR,PCF_CODE_OF_VIOL,PCF_VIOL_CATEGORY,PCF_VIOLATION,PCF_VIOL_SUBSECTION,HIT_AND_RUN,TYPE_OF_COLLISION,MVIW,PED_ACTION,ROAD_SURFACE,ROAD_COND_1,ROAD_COND_2,LIGHTING,CONTROL_DEVICE,CHP_ROAD_TYPE,PEDESTRIAN_ACCIDENT,BICYCLE_ACCIDENT,MOTORCYCLE_ACCIDENT,TRUCK_ACCIDENT,NOT_PRIVATE_PROPERTY,ALCOHOL_INVOLVED,STWD_VEHTYPE_AT_FAULT,CHP_VEHTYPE_AT_FAULT,COUNT_SEVERE_INJ,COUNT_VISIBLE_INJ,COUNT_COMPLAINT_PAIN,COUNT_PED_KILLED,COUNT_PED_INJURED,COUNT_BICYCLIST_KILLED,COUNT_BICYCLIST_INJURED,COUNT_MC_KILLED,COUNT_MC_INJURED,PRIMARY_RAMP,SECONDARY_RAMP,LATITUDE,LONGITUDE,COUNTY,CITY,POINT_X,POINT_Y
92224104,2023,2023-10-31,9425,2023-10-24,2330,017403,,2,3,9,2200,0,3,5,,1,005,"MERCED FALLS","HORNITOS RD",19536.00,N,N,A,-,N,,,,,,,,,,Y,2,0,2,1,A,-,08,22107,,N,E,I,A,A,H,-,D,D,0,,,,,Y,,A,01,1,0,1,0,0,0,0,0,0,"- ","- ",37.570999145507812,-120.31478118896484,MARIPOSA,UNINCORPORATED,,
92225768,2023,2023-11-01,9425,2023-10-27,"945 ",016886,,5,1,9,2200,0,1,3,,1,054,"STATE ROUTE 132","MARY HARRISON MINE ROAD",354.00,W,N,A,-,Y,MPA,,132," "," ",18.500,H,,R,N,3,0,1,1,A,-,08,22107,,N,E,I,A,A,H,-,A,D,0,,,,,Y,,D,22,0,1,0,0,0,0,0,0,0,"- ","- ",37.707290649414062,-120.19888305664062,MARIPOSA,UNINCORPORATED,-120.19889068603516,37.707313537597656
92252179,2023,2023-12-04,9455,2023-11-26,1600,019500,,7,2,9,2200,0,1,3,,1,005,SR-49,"TRIANGLE RD.",1056.00,N,N,A,-,Y,MPA,,49," "," ",6.447,H,,R,Y,4,0,1,1,C,-,18,,,N,H,H,A,A,H,-,A,D,0,,,,,Y,,-,"- ",0,0,1,0,0,0,0,0,0,"- ","- ",37.459671020507812,-119.799560546875,MARIPOSA,UNINCORPORATED,-119.79959106445312,37.459709167480469
92263578,2023,2023-12-15,9425,2023-12-14,1155,016886,,4,1,9,2200,0,1,3,,1,054,"STATE ROUTE 132","BONDS FLAT ROAD",1056.00,W,N,A,-,Y,TUO,,132," "," ",3.775,H,,R,N,4,0,1,1,A,-,08,22107,,N,E,I,A,A,H,-,A,A,0,,,,,Y,,A,01,0,0,1,0,0,0,0,0,0,"- ","- ",37.676921844482422,-120.36483764648438,MARIPOSA,UNINCORPORATED,-120.36481475830078,37.676902770996094
92274007,2023,2023-12-28,9455,2023-12-16,1710,018939,,6,2,9,2200,0,1,3,,1,005,"SR 49","SILVA RD",0.00,,Y,A,-,Y,MPA,,49," "," ",12.901,H,,R,Y,2,0,1,3,A,-,03,22350,,N,C,D,A,A,H,-,B,A,0,,,,,Y,,D,22,1,0,0,0,0,0,0,0,0,"- ","- ",37.460071563720703,-119.90107727050781,MARIPOSA,UNINCORPORATED,-119.90109252929688,37.460079193115234
92281329,2023,2024-01-08,9455,2023-12-29,1218,019500,,5,1,9,2200,0,1,3,,1,002,SR-140,"WHITLOCK RD",5280.00,W,N,B,-,Y,MPA,,140," "," ",24.662,H,,R,Y,3,0,1,1,A,-,08,22107,,N,F,A,A,A,H,-,A,D,0,,,,,Y,,A,01,0,1,0,0,0,0,0,0,0,"- ","- ",37.519718170166016,-119.95043182373047,MARIPOSA,UNINCORPORATED,-119.95040130615234,37.5196533203125
92289388,2024,2024-01-17,9455,2024-01-11,1015,019500,,4,1,9,2200,0,3,5,,2,010,"TRIANGLE RD","TIP TOP RD",2640.00,S,N,A,-,N,,,,,,,,,,Y,4,0,1,1,A,-,03,22350,,N,E,I,A,C,H,-,A,D,0,,,,,Y,,A,07,0,0,1,0,0,0,0,0,0,"- ","- ",37.420459747314453,-119.72625732421875,MARIPOSA,UNINCORPORATED,-119.80439758300781,37.473541259765625
92295197,2024,2024-01-23,9455,2024-01-16,"930 ",016876,,2,1,9,2200,0,1,3,,1,005,SR-49,"VARAIN RD",100.00,S,N,B,-,Y,MPA,,49," "," ",15.447,H,,R,Y,3,0,1,2,A,-,03,22350,,N,C,C,A,A,H,-,A,D,0,,,,,Y,,A,07,0,1,0,0,0,0,0,0,0,"- ","- ",37.460178375244141,-119.94306182861328,MARIPOSA,UNINCORPORATED,-119.94306945800781,37.460147857666016
92297188,2024,2024-01-25,9455,2024-01-16,1140,016876,,2,1,9,2200,0,1,3,,1,002,SR-140,SR-49,0.00,,Y,B,-,Y,MPA,,140," "," ",21.223,H,,R,Y,3,0,2,2,A,-,09,21802,A,N,D,C,A,A,H,-,A,A,0,,,,,Y,,A,01,0,1,1,0,0,0,0,0,0,"- ","- ",37.483158111572266,-119.96379089355469,MARIPOSA,UNINCORPORATED,-119.96380615234375,37.483146667480469
92308952,2024,2024-02-08,9455,2024-02-01,1940,022213,,4,2,9,2200,0,1,3,,1,005,"BULLION ST","8TH STREET",0.00,,Y,B,C,N,,,,,,,,,,Y,4,0,2,3,A,-,12,22450,A,N,D,C,A,B,H,-,A,A,0,,,,,Y,,D,22,0,0,2,0,0,0,0,0,0,"- ","- ",37.487709045410156,-119.96662139892578,MARIPOSA,UNINCORPORATED,-119.96662902832031,37.487735748291016
92337383,2024,2024-03-13,9455,2024-03-12,1531,016876,,2,2,9,2200,0,1,3,,1,005,SR-49,"WHITMORE DR",550.00,N,N,C,-,Y,MPA,,49," "," ",5.502,H,,R,Y,3,0,1,1,A,-,08,22107,,N,E,I,A,B,H,-,A,D,0,,,,,Y,,D,22,0,1,0,0,0,0,0,0,0,"- ","- ",37.464038848876953,-119.78356170654297,MARIPOSA,UNINCORPORATED,-119.78356170654297,37.464019775390625
92354144,2024,2024-04-03,9455,2024-03-24,1720,016876,,7,2,9,2200,0,3,5,,2,010,"TRIANGLE RD","TIP TOP RD",1584.00,N,N,B,-,N,,,,,,,,,,Y,3,0,1,1,A,-,08,22107,,N,E,I,A,A,H,-,A,D,0,,,,,Y,,A,07,0,1,0,0,0,0,0,0,0,"- ","- ",37.4835205078125,-119.81169891357422,MARIPOSA,UNINCORPORATED,-119.81207275390625,37.482513427734375
92354221,2024,2024-04-03,9455,2024-03-23,1625,018939,,6,2,9,2200,0,1,3,,1,002,"RT 140","ALLRED RD",0.00,,Y,B,-,Y,MPA,,140," "," ",25.467,H,,R,Y,3,0,1,1,A,-,08,22107,,N,E,I,A,B,H,-,A,D,0,,,,,Y,,A,08,0,1,0,0,0,0,0,0,0,"- ","- ",37.521148681640625,-119.93634796142578,MARIPOSA,UNINCORPORATED,-119.93629455566406,37.521343231201172
92357565,2024,2024-04-05,9455,2024-03-29,1312,019500,,5,1,9,2200,0,1,3,,1,001,SR-140,"HORNITOS RD",2640.00,E,N,B,-,Y,MPA,,140," "," ",9.955,H,,R,Y,4,0,3,4,A,-,03,22350,,N,C,C,A,A,H,-,A,D,0,,,,,Y,,A,07,0,0,3,0,0,0,0,0,0,"- ","- ",37.435588836669922,-120.09197998046875,MARIPOSA,UNINCORPORATED,-120.09199523925781,37.43560791015625
92368112,2024,2024-04-18,9455,2024-04-12,1605,020123,,5,2,9,2200,0,1,3,,1,005,SR-49,"DARRAH ROAD",0.00,,Y,A,-,Y,MPA,,49," "," ",12.135,H,,R,N,3,0,2,2,A,-,09,21802,A,N,D,C,A,A,H,-,A,A,0,,,,,Y,,A,07,0,2,0,0,0,0,0,0,0,"- ","- ",37.463890075683594,-119.88851165771484,MARIPOSA,UNINCORPORATED,-119.88851165771484,37.463886260986328
92382873,2024,2024-05-06,9455,2024-04-29,1220,016876,,1,1,9,2200,0,1,3,,1,005,SR-49,"STOCKTON CREEK RD",100.00,N,N,A,-,Y,,,,,,,,,,Y,3,0,1,4,A,-,03,22350,,N,C,C,A,A,H,-,A,D,0,,,,Y,Y,,F,27,0,1,0,0,0,0,0,0,0,"- ","- ",37.460891723632812,-119.95008087158203,MARIPOSA,UNINCORPORATED,-119.95008087158203,37.468944549560547
92388195,2024,2024-08-14,9455,2024-05-07,1700,016876,,2,2,9,2200,0,3,5,,2,010,"COLE RD","LUPINE LN",6.00,N,N,A,-,N,,,,,,,,,,Y,3,0,3,2,A,-,03,22350,,N,C,C,A,A,H,-,A,D,0,,,,,Y,,D,22,0,3,0,0,0,0,0,0,0,"- ","- ",37.468669891357422,-119.88719940185547,MARIPOSA,UNINCORPORATED,-119.88719940185547,37.468616485595703
92388209,2024,2024-05-13,9455,2024-05-07,1740,020156,,2,2,9,2200,0,1,3,,1,002,"STATE HIGHWAY 140","YOSEMITE OAKS ROAD",528.00,W,N,A,-,Y,MPA,,140," "," ",25.989,H,,R,Y,4,0,1,1,A,-,08,22107,,N,E,I,A,A,H,-,A,D,0,,,,,Y,,A,01,0,0,1,0,0,0,0,0,0,"- ","- ",37.522499084472656,-119.92735290527344,MARIPOSA,UNINCORPORATED,-119.92736053466797,37.522525787353516
92389444,2024,2024-05-14,9425,2024-05-07,2145,019918,,2,2,9,2200,0,3,5,,1,004,"JACKASS CREEK ACCESS RD","CUNEO RD",520.00,N,N,A,-,N,,,,,,,,,,Y,3,0,1,1,A,-,08,22107,,N,F,A,A,A,H,-,D,D,0,,,,,Y,Y,A,07,0,1,0,0,0,0,0,0,0,"- ","- ",37.767131805419922,-120.1893310546875,MARIPOSA,UNINCORPORATED,-120.18785858154297,37.768688201904297
92390893,2024,2024-05-15,9455,2024-05-08,1725,022213,,3,2,9,2200,0,1,3,,1,003,SR-140,"HITES MINE RD",9504.00,W,N,A,-,Y,MPA,,140," "," ",43.679,H,,R,Y,3,0,2,1,A,-,08,22107,,N,E,8,A,A,H,-,A,D,0,,,,,Y,,A,01,0,1,1,0,0,0,0,0,0,"- ","- ",37.656570434570312,-119.88114929199219,MARIPOSA,UNINCORPORATED,-119.88113403320312,37.656551361083984
92396383,2024,2024-05-22,9455,2024-05-19,1435,016876,,7,2,9,2200,0,3,5,,2,009,"E WHITLOCK ROAD","COLORADO RD",22.00,W,N,A,-,N,,,,,,,,,,Y,3,0,1,1,A,-,08,22107,,N,F,A,A,A,H,-,A,D,0,,,,,Y,,A,01,0,1,0,0,0,0,0,0,0,"- ","- ",37.534339904785156,-119.97280120849609,MARIPOSA,UNINCORPORATED,-119.97285461425781,37.53436279296875
92398272,2024,2024-05-24,9425,2024-05-19,1055,016812,,7,1,9,2200,0,1,3,,1,054,SR-132,"MARY HARRISON MINE RD",845.00,W,N,A,-,Y,MPA,,132," "," ",18.406,H,,R,Y,3,0,1,1,A,-,08,22107,,N,F,0,A,A,H,-,A,D,0,,,Y,,Y,,C,02,0,1,0,0,0,0,0,0,1,"- ","- ",37.707401275634766,-120.20056915283203,MARIPOSA,UNINCORPORATED,-120.20053863525391,37.707443237304688
92406991,2024,2024-06-05,9455,2024-05-30,1155,020123,,4,1,9,2200,0,1,3,,1,005,SR-49,"BEN HUR ROAD",355.00,S,N,A,-,Y,MPA,,49," "," ",16.648,H,,R,N,3,0,1,1,A,-,08,22107,,N,E,I,A,A,H,-,A,D,0,,,,,Y,,D,22,0,1,0,0,0,0,0,0,0,"- ","- ",37.462039947509766,-119.94618225097656,MARIPOSA,UNINCORPORATED,-119.94623565673828,37.461990356445312
92422903,2024,2024-06-25,9455,2024-06-24,1245,016876,,1,1,9,2200,0,3,5,,2,010,"CARLETON RD","SILVA RD",1056.00,N,N,A,-,N,,,,,,,,,,Y,3,0,2,2,A,-,08,22107,,N,A,C,A,A,H,-,A,D,0,,,,,Y,,A,07,0,2,0,0,0,0,0,0,0,"- ","- ",37.479110717773438,-119.89984893798828,MARIPOSA,UNINCORPORATED,-119.89981079101562,37.478145599365234
92424069,2024,2024-06-26,9455,2024-06-24,2320,019244,,1,3,9,2200,0,1,3,,1,004,"HIGHWAY 49","PINE TREE ROAD",75.00,S,N,B,-,Y,MPA,,49," "," ",31.841,H,,R,Y,4,0,1,1,A,-,03,22350,,N,E,I,A,D,H,-,D,D,0,,,,,Y,,-,"- ",0,0,1,0,0,0,0,0,0,"- ","- ",37.598949432373047,-120.12471771240234,MARIPOSA,UNINCORPORATED,-120.12474060058594,37.598926544189453
92430217,2024,2024-07-03,9455,2024-06-25,1730,020377,,2,2,9,2200,0,1,3,,1,003,"STATE ROUTE 140","YOSEMITE BUG HOSTEL",5280.00,E,N,A,-,Y,MPA,,140," "," ",32.206,H,,R,N,3,0,2,1,A,-,08,22107,,N,E,I,A,A,H,-,A,D,0,,,,,Y,,A,01,0,1,1,0,0,0,0,0,0,"- ","- ",37.586090087890625,-119.96439361572266,MARIPOSA,UNINCORPORATED,-119.96430969238281,37.586147308349609
92431400,2024,2024-07-05,9455,2024-06-22,"610 ",020123,,6,1,9,2200,0,1,3,,1,002,SR-140,"RANCHERIA CREEK",1584.00,W,N,A,-,Y,MPA,,140," "," ",32.081,H,,R,Y,2,0,4,2,A,-,05,21651,B,N,A,C,A,A,H,-,A,D,0,,,,,Y,,A,07,2,2,0,0,0,0,0,0,0,"- ","- ",37.58551025390625,-119.96222686767578,MARIPOSA,UNINCORPORATED,-119.96222686767578,37.585514068603516
92431421,2024,2024-07-05,9455,2024-06-25,"920 ",020156,,2,1,9,2200,0,1,3,,1,002,"SR-140 W/B","E. WHITLOCK",230.00,E,N,A,-,Y,MPA,,140," "," ",25.327,H,,L,Y,4,0,1,1,A,-,08,22107,,N,E,I,A,A,H,-,A,D,0,,,,,Y,,A,01,0,0,1,0,0,0,0,0,0,"- ","- ",37.521591186523438,-119.93881988525391,MARIPOSA,UNINCORPORATED,-119.93881225585938,37.521556854248047
92431577,2024,2024-07-05,9455,2024-06-27,"630 ",020123,,4,1,9,2200,0,3,5,,2,010,"YAQUI GULCH ROAD","STATE HIGHWAY 140",2640.00,S,N,A,-,N,,,,,,,,,,Y,2,0,1,1,A,-,08,22107,,N,E,I,A,A,H,-,A,D,0,,,,,Y,,D,22,1,0,0,0,0,0,0,0,0,"- ","- ",37.473911285400391,-120.00550842285156,MARIPOSA,UNINCORPORATED,-120.00626373291016,37.474952697753906
92441366,2024,2024-07-17,9425,2024-07-12,1720,016886,,5,2,9,2200,0,3,5,,1,005,"GREELEY HILL ROAD","SMITH STATION ROAD",4224.00,E,N,A,-,N,,,,,,,,,,N,3,0,2,1,A,-,08,22107,,N,E,8,A,A,H,-,A,D,0,,,,,Y,,A,01,0,2,0,0,0,0,0,0,0,"- ","- ",37.754711151123047,-120.09333038330078,MARIPOSA,UNINCORPORATED,-120.0936279296875,37.754295349121094
92997245,2024,2024-07-31,9425,2024-07-25,1012,016886,,4,1,9,2200,0,3,5,,1,005,"CUNEO ROAD","DEXTER ROAD",1584.00,S,N,A,-,N,,,,,,,,,,Y,3,0,1,1,A,-,08,22107,,N,E,I,A,A,H,-,A,D,0,,,,,Y,,A,07,0,1,0,0,0,0,0,0,0,"- ","- ",37.7701416015625,-120.18562316894531,MARIPOSA,UNINCORPORATED,-120.18277740478516,37.774040222167969
93050962,2024,2024-07-31,9455,2024-07-25,2145,022213,,4,2,9,2200,0,1,3,,1,002,SR-140,"TRIANGLE RD",0.00,,Y,A,-,Y,MPA,,140," "," ",26.383,H,,R,N,3,0,3,2,A,-,03,22350,,N,C,C,A,A,H,-,D,D,0,,,,,Y,,A,01,0,1,2,0,0,0,0,0,0,"- ","- ",37.524360656738281,-119.92121124267578,MARIPOSA,UNINCORPORATED,-119.92120361328125,37.52435302734375
93585261,2024,2024-08-05,9455,2024-07-23,2102,021511,,2,2,9,2200,0,1,3,,1,001,SR-140,"TROWER ROAD",3437.00,E,N,A,-,Y,MPA,,140," "," ",11.133,H,,R,N,4,0,1,2,A,-,03,22350,,N,C,C,A,A,D,-,C,A,0,,,,,Y,,A,07,0,0,1,0,0,0,0,0,0,"- ","- ",37.445468902587891,-120.07485198974609,MARIPOSA,UNINCORPORATED,-120.07489776611328,37.445522308349609
94019704,2024,2024-08-09,9425,2024-08-01,2240,016886,,4,3,9,2200,0,3,5,,1,005,"CUNEO ROAD","PRIEST COULTERVILLE ROAD",2904.00,N,N,A,-,N,,,,,,,,,,Y,3,0,1,1,A,-,01,23152,A,N,F,A,A,A,H,-,D,D,0,,,,,Y,Y,D,22,0,1,0,0,0,0,0,0,0,"- ","- ",37.758380889892578,-120.19418334960938,MARIPOSA,UNINCORPORATED,-120.19442749023438,37.758201599121094
94372956,2024,2024-08-28,9456,2024-08-26,1641,020944,,1,2,9,2200,0,1,3,,1,052,SR-41,"JACKSON ROAD",3660.00,S,N,A,-,Y,MPA,,41," "," ",2.228,H,,R,Y,2,0,2,1,A,-,01,23152,A,F,E,I,A,A,H,-,A,D,0,,,,,Y,Y,-,"- ",1,1,0,0,0,0,0,0,0,"- ","- ",37.465969085693359,-119.64518737792969,MARIPOSA,UNINCORPORATED,-119.64520263671875,37.465965270996094
94381369,2024,2024-09-04,9455,2024-08-25,2100,020156,,7,2,9,2200,0,3,5,,2,010,"COLE RD","DARRAH ROAD",528.00,N,N,A,-,N,,,,,,,,,,Y,2,0,1,1,A,-,08,22107,,N,E,I,A,A,H,-,D,D,0,,,,,Y,,A,01,1,0,0,0,0,0,0,0,0,"- ","- ",37.466598510742188,-119.88700866699219,MARIPOSA,UNINCORPORATED,-119.88697052001953,37.466419219970703
94386226,2024,2024-09-09,9455,2024-09-02,1105,016876,,1,1,9,2200,0,3,5,,2,010,"TRIANGLE RD","CARTER RD",380.00,N,N,A,-,N,,,,,,,,,,N,3,0,1,2,A,-,08,22107,,M,B,C,A,A,H,-,A,D,0,,,,,Y,,-,99,0,1,0,0,0,0,0,0,0,"- ","- ",37.5123291015625,-119.89556884765625,MARIPOSA,UNINCORPORATED,-119.89305877685547,37.512969970703125
94404529,2024,2024-09-23,9460,2024-09-20,"800 ",019500,,5,1,9,2200,0,1,3,,2,002,"LIBERTY AVE.","N/B SR-99 ON RAMP",50.00,E,N,A,-,N,,,,,,,,,,Y,3,0,2,1,A,-,03,22350,,N,E,I,A,A,H,-,A,A,0,,,,,Y,,A,01,0,1,1,0,0,0,0,0,0,"- ","- ",37.37451171875,-120.68049621582031,MARIPOSA,UNINCORPORATED,,
94406613,2024,2024-09-24,9455,2024-09-19,1025,019500,,4,1,9,2200,0,1,3,,1,004,SR-49,"MOUNT OPHIR RD.",7920.00,N,N,A,-,Y,MPA,,49," "," ",26.904,H,,R,Y,2,0,2,1,A,-,08,22107,,N,E,I,A,A,H,-,A,D,0,,,,,Y,,-,"- ",1,1,0,0,0,0,0,0,0,"- ","- ",37.540931701660156,-120.09285736083984,MARIPOSA,UNINCORPORATED,-120.09270477294922,37.541038513183594
94417078,2024,2024-10-02,9425,2024-09-29,1110,017403,,7,1,9,2200,0,1,3,,1,054,SR-132,SR-49,9504.00,W,N,A,-,Y,MPA,,132," "," ",16.824,H,,R,Y,3,0,1,1,A,-,08,22107,,N,F,A,A,A,H,-,A,D,0,,,Y,,Y,,C,02,0,1,0,0,0,0,0,0,1,"- ","- ",37.710189819335938,-120.22450256347656,MARIPOSA,UNINCORPORATED,-120.22449493408203,37.710170745849609
94434749,2024,2024-10-17,9455,2024-10-10,"809 ",020123,,4,1,9,2200,1,1,3,,1,005,SR-49,"HIRSCH ROAD",0.00,,Y,A,-,Y,MPA,,49," "," ",9.743,H,,R,Y,3,0,1,2,A,-,03,22350,,N,C,C,A,A,H,-,A,D,0,,,,,Y,,D,22,0,1,0,0,0,0,0,0,0,"- ","- ",37.449501037597656,-119.85285186767578,MARIPOSA,UNINCORPORATED,-119.85283660888672,37.449512481689453
94440142,2024,2024-10-22,9455,2024-10-18,1308,016876,,5,1,9,2200,0,1,3,,1,005,SR-49,"STUMPFIELD MOUNTAIN RD",1584.00,N,N,A,-,Y,MPA,,49," "," ",7.175,H,,R,Y,3,0,2,2,A,-,03,22350,,N,C,C,A,A,H,-,A,D,0,,,,,Y,,-,"- ",0,2,0,0,0,0,0,0,0,"- ","- ",37.456008911132812,-119.81163787841797,MARIPOSA,UNINCORPORATED,-119.81163787841797,37.45599365234375
94444329,2024,2024-10-24,9455,2024-10-17,2050,022213,,4,2,9,2200,0,1,3,,1,001,SR-140,"MARTIN RD",425.00,W,N,A,-,Y,MPA,,140," "," ",19.291,H,,R,Y,4,0,1,1,A,-,01,23152,A,N,E,8,A,A,H,-,D,D,0,,,,,Y,Y,A,01,0,0,1,0,0,0,0,0,0,"- ","- ",37.478328704833984,-119.97804260253906,MARIPOSA,UNINCORPORATED,-119.97805023193359,37.478282928466797
94473771,2024,2024-11-18,9455,2024-11-07,1730,021511,,4,2,9,2200,0,1,3,,1,005,SR-49,"WATT RD",0.00,,Y,A,-,Y,MPA,,49," "," ",4.164,H,,R,N,4,0,1,2,A,-,03,22350,,N,C,C,A,A,H,-,D,D,0,,,,,Y,,D,22,0,0,1,0,0,0,0,0,0,"- ","- ",37.452518463134766,-119.76435089111328,MARIPOSA,UNINCORPORATED,-119.76435852050781,37.452510833740234
94476746,2024,2024-11-20,9425,2024-11-16,1104,016886,,6,1,9,2200,0,1,3,,1,054,"STATE ROUTE 132","JALAPA WAY EAST",479.00,E,N,A,-,Y,MPA,,132," "," ",3.758,H,,R,Y,2,0,1,1,A,-,08,22107,,N,F,0,A,A,H,-,A,A,0,,,Y,,Y,,C,02,1,0,0,0,0,0,0,0,1,"- ","- ",37.676658630371094,-120.364990234375,MARIPOSA,UNINCORPORATED,-120.36502075195312,37.676673889160156
94484052,2024,2024-11-26,9425,2024-11-25,1250,017403,,1,1,9,2200,0,3,5,,1,005,"GREELEY HILL RD","PRIEST COULTERVILLE RD",2112.00,W,N,B,-,N,,,,,,,,,,Y,3,0,1,1,A,-,08,22107,,N,E,I,A,B,H,-,A,D,0,,,,,Y,,A,07,0,1,0,0,0,0,0,0,0,"- ","- ",37.729148864746094,-120.18876647949219,MARIPOSA,UNINCORPORATED,-120.18161010742188,37.734771728515625
94496538,2024,2024-12-12,9456,2024-12-08,"810 ",021378,,7,1,9,2200,0,1,3,,2,055,"N/B SR-41","WHITE CHIEF MTN RD",3696.00,S,N,B,-,N,,,,,,,,,,Y,3,0,3,1,A,-,08,22107,,N,E,I,A,C,H,-,A,D,0,,,,,Y,,A,07,0,1,2,0,0,0,0,0,0,"- ","- ",37.490119934082031,-119.63114929199219,MARIPOSA,UNINCORPORATED,-119.63958740234375,37.472679138183594
94502274,2024,2024-12-13,9455,2024-12-03,1558,018939,,2,2,9,2200,0,1,3,,1,001,SR-140,"OLD HIGHWAY RD",6864.00,W,N,A,-,Y,MPA,,140," "," ",5.696,H,,R,Y,4,0,1,1,C,-,18,,,N,E,I,A,A,H,-,A,D,0,,,,,Y,,-,"- ",0,0,1,0,0,0,0,0,0,"- ","- ",37.395278930664062,-120.14665985107422,MARIPOSA,UNINCORPORATED,-120.14665985107422,37.395278930664062
94513164,2024,2024-12-23,9456,2024-12-14,1522,019981,,6,2,9,2200,0,1,3,,2,055,SR41,"JACKSON RD",528.00,S,N,D,-,Y,MPA,,41," "," ",2.550,H,,R,N,3,0,1,1,A,-,03,22350,,N,E,I,A,C,H,-,B,D,0,,,,,Y,,A,07,0,1,0,0,0,0,0,0,0,"- ","- ",37.470268249511719,-119.64453887939453,MARIPOSA,UNINCORPORATED,-119.64439392089844,37.470218658447266
94516317,2024,2024-12-26,9455,2024-12-20,"850 ",019500,,5,1,9,2200,0,1,3,,1,002,SR-140,"8TH ST.",0.00,,Y,A,-,Y,MPA,,140," "," ",21.558,H,,R,Y,4,0,1,2,A,-,09,21802,A,N,D,C,A,A,H,-,A,A,0,,,,,Y,,A,01,0,0,1,0,0,0,0,0,0,"- ","- ",37.487129211425781,-119.9676513671875,MARIPOSA,UNINCORPORATED,-119.96764373779297,37.487133026123047
94521447,2024,2024-12-31,9425,2024-12-22,1148,018821,,7,1,9,2200,0,3,5,,1,005,"DOGTOWN RD","5673 DOGTOWN RD.",528.00,W,N,A,-,N,,,,,,,,,,N,4,0,1,1,A,-,08,22107,,N,F,A,A,A,H,-,A,D,0,,,,,Y,,-,"- ",0,0,1,0,0,0,0,0,0,"- ","- ",37.705898284912109,-120.15493011474609,MARIPOSA,UNINCORPORATED,,
94521508,2024,2024-12-31,9425,2024-12-23,1750,016812,,1,2,9,2200,0,3,5,,1,005,"SMITH STATION RD","GREELEY HILL RD",6336.00,N,N,B,-,N,,,,,,,,,,N,4,0,2,1,A,-,08,22107,,N,E,8,A,A,H,-,D,D,0,,,,,Y,,A,01,0,0,2,0,0,0,0,0,0,"- ","- ",37.760009765625,-120.10753631591797,MARIPOSA,UNINCORPORATED,-120.10575866699219,37.753879547119141
94521933,2024,2024-12-31,9455,2024-12-24,1510,016876,,2,2,9,2200,0,3,5,,2,010,"DARRAH RD","VALLEY VIEW RD",1584.00,W,N,B,C,N,,,,,,,,,,Y,3,0,1,1,A,-,08,22107,,N,F,A,A,B,H,-,A,D,0,,,,,Y,,D,22,0,1,0,0,0,0,0,0,0,"- ","- ",37.486980438232422,-119.86045074462891,MARIPOSA,UNINCORPORATED,-119.86026763916016,37.487579345703125
94565203,2024,2025-02-04,9455,2024-12-14,1507,018939,,6,2,9,2200,0,1,3,,1,005,SR-140,"VARAIN RD",237.00,N,N,B,-,Y,MPA,,49," "," ",15.504,H,,R,Y,1,1,8,2,A,-,01,23152,F,N,A,C,A,B,H,-,A,D,0,,,,,Y,,A,01,5,0,3,0,0,0,0,0,0,"- ","- ",37.460430145263672,-119.94432067871094,MARIPOSA,UNINCORPORATED,-119.94431304931641,37.460445404052734